scan_num,stamp,x,y,z,yaw,imu_x,imu_y,imu_z,imu_yaw,gicp_dx,gicp_dy,gicp_dz,gicp_dyaw,gicp_conf,chi2,accepted,motion,n_map_vox,n_scan_pts,use_submap
0,1950.799610860,0.0,0.0,0.0,0.0,0.0,0.0,0.0,0.0,0,0,0,0,nan,nan,-1,unknown,0,0,0
1,1950.999296680,0.0012202624742585122,-0.0014117546959651931,0.0,0.00018698603414742557,0.0012202624742585122,-0.0014117546959651931,0.0,0.00018698603414742557,0,0,0,0,nan,nan,-1,unknown,0,0,0
2,1951.199782600,0.00042169428202011615,-0.0015177104856153613,0.0,0.0003709963274309511,0.00042169428202011615,-0.0015177104856153613,0.0,0.0003709963274309511,0,0,0,0,nan,nan,-1,unknown,0,0,0
3,1951.399466800,0.0006268531289339919,-0.0012097455183474,0.0,0.00039410220535118204,0.0006268531289339919,-0.0012097455183474,0.0,0.00039410220535118204,0,0,0,0,nan,nan,-1,unknown,0,0,0
4,1951.599967160,0.0004274020479400418,-0.0008743492253993264,0.0,0.0005132600912323525,0.0004274020479400418,-0.0008743492253993264,0.0,0.0005132600912323525,0,0,0,0,nan,nan,-1,unknown,0,0,0
5,1951.799650820,0.0008166229058331903,-0.001749082310834268,0.0,0.0004338372608579094,0.0008166229058331903,-0.001749082310834268,0.0,0.0004338372608579094,0,0,0,0,nan,nan,-1,unknown,0,0,0
6,1951.999326840,0.0016105547275062902,-0.0016468101851992755,0.0,0.00025805003695829494,0.0016105547275062902,-0.0016468101851992755,0.0,0.00025805003695829494,0,0,0,0,nan,nan,-1,unknown,0,0,0
7,1952.199820640,0.0011057124091987118,-0.0030257926931813893,0.0,0.0003737591427180944,0.0011057124091987118,-0.0030257926931813893,0.0,0.0003737591427180944,0,0,0,0,nan,nan,-1,unknown,0,0,0
8,1952.399497500,0.0016877427632817242,-0.0015801716538009776,0.0,0.00025278286953918724,0.0016877427632817242,-0.0015801716538009776,0.0,0.00025278286953918724,0,0,0,0,nan,nan,-1,unknown,0,0,0
9,1952.599996740,0.001108538325426437,-0.0012846901045475167,0.0,0.00038311398193930756,0.001108538325426437,-0.0012846901045475167,0.0,0.00038311398193930756,0,0,0,0,nan,nan,-1,unknown,0,0,0
10,1952.799666640,2.2208559669198696e-05,-0.0006189508994651332,0.0,0.0005936277262075213,2.2208559669198696e-05,-0.0006189508994651332,0.0,0.0005936277262075213,0,0,0,0,nan,nan,-1,unknown,0,0,0
11,1952.999355500,0.0008767473707762593,-0.000931962849358595,0.0,0.0004273341424362358,0.0008767473707762593,-0.000931962849358595,0.0,0.0004273341424362358,0,0,0,0,nan,nan,-1,unknown,0,0,0
12,1953.199445880,0.0002569565632279026,0.0017588010171438197,0.0,0.00042033964326704184,0.0002569565632279026,0.0017588010171438197,0.0,0.00042033964326704184,0,0,0,0,nan,nan,-1,unknown,0,0,0
13,1953.399912140,0.0016389214576795685,0.00029380965555268626,0.0,0.00044865594162593354,0.0016389214576795685,0.00029380965555268626,0.0,0.00044865594162593354,0,0,0,0,nan,nan,-1,unknown,0,0,0
14,1953.599598360,0.001982478293630102,-0.00038836677756629587,0.0,0.00039930655856920086,0.001982478293630102,-0.00038836677756629587,0.0,0.00039930655856920086,0,0,0,0,nan,nan,-1,unknown,0,0,0
15,1953.799668200,0.0027720889451046424,-0.001600201365997309,0.0,0.0003859170404586467,0.0027720889451046424,-0.001600201365997309,0.0,0.0003859170404586467,0,0,0,0,nan,nan,-1,unknown,0,0,0
16,1953.999349620,0.0012136542539742687,-0.0015901048721834502,0.0,0.0006026186952926179,0.0012136542539742687,-0.0015901048721834502,0.0,0.0006026186952926179,0,0,0,0,nan,nan,-1,unknown,0,0,0
17,1954.199424460,0.0022706274947381817,-0.0022211417389642746,0.0,0.00047937757658222035,0.0022706274947381817,-0.0022211417389642746,0.0,0.00047937757658222035,0,0,0,0,nan,nan,-1,unknown,0,0,0
18,1954.399500440,0.0017859173219996278,-0.0026510262083048863,0.0,0.0007491008044514031,0.0017859173219996278,-0.0026510262083048863,0.0,0.0007491008044514031,0,0,0,0,nan,nan,-1,unknown,0,0,0
19,1954.599970100,0.0021271403952587754,-0.0014392880165646656,0.0,0.00063249917863371,0.0021271403952587754,-0.0014392880165646656,0.0,0.00063249917863371,0,0,0,0,nan,nan,-1,unknown,0,0,0
20,1954.799653840,0.0026036241659431877,-0.0022501978752030556,0.0,0.0005874929078495428,0.0026036241659431877,-0.0022501978752030556,0.0,0.0005874929078495428,0,0,0,0,nan,nan,-1,unknown,0,0,0
21,1954.999336860,0.002848982736691755,-0.003477445299233854,0.0,0.0006562868096684821,0.002848982736691755,-0.003477445299233854,0.0,0.0006562868096684821,0,0,0,0,nan,nan,-1,unknown,0,0,0
22,1955.199828760,0.0020113518095465563,-0.0023357588499826783,0.0,0.0007077074644684001,0.0020113518095465563,-0.0023357588499826783,0.0,0.0007077074644684001,0,0,0,0,nan,nan,-1,unknown,0,0,0
23,1955.399514940,0.003497301737169879,-0.002540150157992317,0.0,0.0004992682095575204,0.003497301737169879,-0.002540150157992317,0.0,0.0004992682095575204,0,0,0,0,nan,nan,-1,unknown,0,0,0
24,1955.599600320,0.0037117557441934015,-0.0027242535067637237,0.0,0.0006301588986628016,0.0037117557441934015,-0.0027242535067637237,0.0,0.0006301588986628016,0,0,0,0,nan,nan,-1,unknown,0,0,0
25,1955.799669280,0.003944325215605324,-0.002093336552048611,0.0,0.0009553346821094383,0.003944325215605324,-0.002093336552048611,0.0,0.0009553346821094383,0,0,0,0,nan,nan,-1,unknown,0,0,0
26,1955.999354320,0.00450580804038642,-0.0015844767123284272,0.0,0.0008381863375072864,0.00450580804038642,-0.0015844767123284272,0.0,0.0008381863375072864,0,0,0,0,nan,nan,-1,unknown,0,0,0
27,1956.199832420,0.004685554316369254,-0.002207977601533324,0.0,0.0009167889160650328,0.004685554316369254,-0.002207977601533324,0.0,0.0009167889160650328,0,0,0,0,nan,nan,-1,unknown,0,0,0
28,1956.399509160,0.0035362546703706955,-0.0033878273353217907,0.0,0.001328793085784765,0.0035362546703706955,-0.0033878273353217907,0.0,0.001328793085784765,0,0,0,0,nan,nan,-1,unknown,0,0,0
29,1956.599978480,0.00578551630151687,-0.0020855074745956617,0.0,0.0011574004431074906,0.00578551630151687,-0.0020855074745956617,0.0,0.0011574004431074906,0,0,0,0,nan,nan,-1,unknown,0,0,0
30,1956.799662260,0.006290864673380851,-0.00436136993164741,0.0,0.0012792778799145753,0.006290864673380851,-0.00436136993164741,0.0,0.0012792778799145753,0,0,0,0,nan,nan,-1,unknown,0,0,0
31,1956.999363480,0.007812940125645327,-0.0023461691535881313,0.0,0.001981167247546514,0.007812940125645327,-0.0023461691535881313,0.0,0.001981167247546514,0,0,0,0,nan,nan,-1,unknown,0,0,0
32,1957.199825760,0.00936427214287689,-0.0031566257607343797,0.0,0.0037423254735737092,0.00936427214287689,-0.0031566257607343797,0.0,0.0037423254735737092,0,0,0,0,nan,nan,-1,unknown,0,0,0
33,1957.399503180,0.010399588141621967,-0.0021625077228145714,0.0,0.005012034511973391,0.010399588141621967,-0.0021625077228145714,0.0,0.005012034511973391,0,0,0,0,nan,nan,-1,unknown,0,0,0
34,1957.599610360,0.011968354790120128,-0.003989855682634745,0.0,0.007687097801279862,0.011968354790120128,-0.003989855682634745,0.0,0.007687097801279862,0,0,0,0,nan,nan,-1,unknown,0,0,0
35,1957.799301020,0.022149042248248273,-0.0014646223749772997,0.0,0.015038596698283935,0.022149042248248273,-0.0014646223749772997,0.0,0.015038596698283935,0,0,0,0,nan,nan,-1,unknown,0,0,0
36,1957.999785260,0.04212516633844854,-0.00039687985898143865,0.0,0.033287012921952686,0.04212516633844854,-0.00039687985898143865,0.0,0.033287012921952686,0,0,0,0,nan,nan,-1,unknown,0,0,0
37,1958.199467140,0.07224195717717921,0.004499050528610885,0.0,0.024658791831975554,0.07224195717717921,0.004499050528610885,0.0,0.024658791831975554,0,0,0,0,nan,nan,-1,unknown,0,0,0
38,1958.399965860,0.10914035609019408,-0.00691603601759023,0.0,0.0013029528224723522,0.10914035609019408,-0.00691603601759023,0.0,0.0013029528224723522,0,0,0,0,nan,nan,-1,unknown,0,0,0
39,1958.599636780,0.15803601540485818,-0.02555666855765626,0.0,-0.02900903939139527,0.15803601540485818,-0.02555666855765626,0.0,-0.02900903939139527,0,0,0,0,nan,nan,-1,unknown,0,0,0
40,1958.799307520,0.20244570610901377,-0.03633593874829039,0.0,-0.040833488820170745,0.20244570610901377,-0.03633593874829039,0.0,-0.040833488820170745,0,0,0,0,nan,nan,-1,unknown,0,0,0
41,1958.999809780,0.2504546330370644,-0.05151603601864042,0.0,-0.047568232288287556,0.2504546330370644,-0.05151603601864042,0.0,-0.047568232288287556,0,0,0,0,nan,nan,-1,unknown,0,0,0
42,1959.199491300,0.30956804135886884,-0.05767196636379194,0.0,-0.05689729570119532,0.30956804135886884,-0.05767196636379194,0.0,-0.05689729570119532,0,0,0,0,nan,nan,-1,unknown,0,0,0
43,1959.399980800,0.3746290478312838,-0.06804598846218883,0.0,-0.06217405219016949,0.3746290478312838,-0.06804598846218883,0.0,-0.06217405219016949,0,0,0,0,nan,nan,-1,unknown,0,0,0
44,1959.599659700,0.43516630404448414,-0.07879724262584083,0.0,-0.058764653294643227,0.43516630404448414,-0.07879724262584083,0.0,-0.058764653294643227,0,0,0,0,nan,nan,-1,unknown,0,0,0
45,1959.799357600,0.49361832332575994,-0.09588033880821825,0.0,-0.05843091098723121,0.49361832332575994,-0.09588033880821825,0.0,-0.05843091098723121,0,0,0,0,nan,nan,-1,unknown,0,0,0
46,1959.999458920,0.5524921611776734,-0.11315041316326674,0.0,-0.057242702896524444,0.5524921611776734,-0.11315041316326674,0.0,-0.057242702896524444,0,0,0,0,nan,nan,-1,unknown,0,0,0
47,1960.199940860,0.6168610495568119,-0.13202846293432108,0.0,-0.054580810683710165,0.6168610495568119,-0.13202846293432108,0.0,-0.054580810683710165,0,0,0,0,nan,nan,-1,unknown,0,0,0
48,1960.399604080,0.681804267018149,-0.15740741835840655,0.0,-0.041260400767703945,0.681804267018149,-0.15740741835840655,0.0,-0.041260400767703945,0,0,0,0,nan,nan,-1,unknown,0,0,0
49,1960.599669060,0.7380026338996192,-0.1661056216151846,0.0,-0.009975508919711459,0.7380026338996192,-0.1661056216151846,0.0,-0.009975508919711459,0,0,0,0,nan,nan,-1,unknown,0,0,0
50,1960.799338660,0.7891557376767412,-0.13838429383817727,0.0,0.02234216591782181,0.7891557376767412,-0.13838429383817727,0.0,0.02234216591782181,0,0,0,0,nan,nan,-1,unknown,0,0,0
51,1960.999831700,0.8323960455137425,-0.1340430162788085,0.0,0.04730074090429922,0.8323960455137425,-0.1340430162788085,0.0,0.04730074090429922,0,0,0,0,nan,nan,-1,unknown,0,0,0
52,1961.199497060,0.8820812180353933,-0.14984627596448064,0.0,0.05315451312113702,0.8820812180353933,-0.14984627596448064,0.0,0.05315451312113702,0,0,0,0,nan,nan,-1,unknown,0,0,0
53,1961.399967960,0.9358936987108782,-0.15314598583756345,0.0,0.024645776574641967,0.9358936987108782,-0.15314598583756345,0.0,0.024645776574641967,0,0,0,0,nan,nan,-1,unknown,0,0,0
54,1961.599645300,0.9985452186501961,-0.1568266277177978,0.0,0.005364710610684128,0.9985452186501961,-0.1568266277177978,0.0,0.005364710610684128,0,0,0,0,nan,nan,-1,unknown,0,0,0
55,1961.799340260,1.0548704010536092,-0.15912121393026307,0.0,0.001977719443479701,1.0548704010536092,-0.15912121393026307,0.0,0.001977719443479701,0,0,0,0,nan,nan,-1,unknown,0,0,0
56,1961.999839800,1.1165914436303939,-0.1509702238626307,0.0,0.007929462047959907,1.1165914436303939,-0.1509702238626307,0.0,0.007929462047959907,0,0,0,0,nan,nan,-1,unknown,0,0,0
57,1962.199495940,1.179647764053621,-0.14016606953817656,0.0,0.026718194733241833,1.179647764053621,-0.14016606953817656,0.0,0.026718194733241833,0,0,0,0,nan,nan,-1,unknown,0,0,0
58,1962.399970000,1.2498538536326718,-0.1471508230844583,0.0,0.039546819067074454,1.2498538536326718,-0.1471508230844583,0.0,0.039546819067074454,0,0,0,0,nan,nan,-1,unknown,0,0,0
59,1962.599630020,1.3207951180235795,-0.15141290749379466,0.0,0.050465529770334826,1.3207951180235795,-0.15141290749379466,0.0,0.050465529770334826,0,0,0,0,nan,nan,-1,unknown,0,0,0
60,1962.799302900,1.391143715501749,-0.1528353957950594,0.0,0.05623541966928854,1.391143715501749,-0.1528353957950594,0.0,0.05623541966928854,0,0,0,0,nan,nan,-1,unknown,0,0,0
61,1962.999788480,1.4578043448497666,-0.14042209394158706,0.0,0.05080263569585601,1.4578043448497666,-0.14042209394158706,0.0,0.05080263569585601,0,0,0,0,nan,nan,-1,unknown,0,0,0
62,1963.199484340,1.53293208399973,-0.1341313240833291,0.0,0.04997971867632707,1.53293208399973,-0.1341313240833291,0.0,0.04997971867632707,0,0,0,0,nan,nan,-1,unknown,0,0,0
63,1963.399967260,1.6133258421013648,-0.13217517520478944,0.0,0.04725614347722103,1.6133258421013648,-0.13217517520478944,0.0,0.04725614347722103,0,0,0,0,nan,nan,-1,unknown,0,0,0
64,1963.599668380,1.697888522033219,-0.1297129513133846,0.0,0.04547657321280054,1.697888522033219,-0.1297129513133846,0.0,0.04547657321280054,0,0,0,0,nan,nan,-1,unknown,0,0,0
65,1963.799365420,1.7803903904859972,-0.12227846142682766,0.0,0.048256672448102535,1.7803903904859972,-0.12227846142682766,0.0,0.048256672448102535,0,0,0,0,nan,nan,-1,unknown,0,0,0
66,1963.999830300,1.8607382976700182,-0.11735394678060485,0.0,0.05095232864228072,1.8607382976700182,-0.11735394678060485,0.0,0.05095232864228072,0,0,0,0,nan,nan,-1,unknown,0,0,0
67,1964.199524620,1.9615966993206335,-0.08993838486218517,0.0,0.049044708610186345,1.9615966993206335,-0.08993838486218517,0.0,0.049044708610186345,0,0,0,0,nan,nan,-1,unknown,0,0,0
68,1964.399996260,2.0475592372221656,-0.07768333564545618,0.0,0.04237667882847767,2.0475592372221656,-0.07768333564545618,0.0,0.04237667882847767,0,0,0,0,nan,nan,-1,unknown,0,0,0
69,1964.599694160,2.139934465185733,-0.07053781338642545,0.0,0.04611186264978457,2.139934465185733,-0.07053781338642545,0.0,0.04611186264978457,0,0,0,0,nan,nan,-1,unknown,0,0,0
70,1964.799393300,2.2303814169845397,-0.07297933948582712,0.0,0.04708789176066815,2.2303814169845397,-0.07297933948582712,0.0,0.04708789176066815,0,0,0,0,nan,nan,-1,unknown,0,0,0
71,1964.999464700,2.314783685415471,-0.06851371137928337,0.0,0.04150057487181051,2.314783685415471,-0.06851371137928337,0.0,0.04150057487181051,0,0,0,0,nan,nan,-1,unknown,0,0,0
72,1965.199948560,2.4012954983872303,-0.05657558990578008,0.0,0.031080947011155848,2.4012954983872303,-0.05657558990578008,0.0,0.031080947011155848,0,0,0,0,nan,nan,-1,unknown,0,0,0
73,1965.399618400,2.495731354424938,-0.04167092381108452,0.0,0.018414059627406554,2.495731354424938,-0.04167092381108452,0.0,0.018414059627406554,0,0,0,0,nan,nan,-1,unknown,0,0,0
74,1965.599316320,2.5786952436756274,-0.06099445249987023,0.0,0.010213590495210357,2.5786952436756274,-0.06099445249987023,0.0,0.010213590495210357,0,0,0,0,nan,nan,-1,unknown,0,0,0
75,1965.799812420,2.6592466864973936,-0.07039321574391505,0.0,-0.0010009709879233001,2.6592466864973936,-0.07039321574391505,0.0,-0.0010009709879233001,0,0,0,0,nan,nan,-1,unknown,0,0,0
76,1965.999506420,2.733282105531897,-0.0674809227159853,0.0,-0.017311859117847075,2.733282105531897,-0.0674809227159853,0.0,-0.017311859117847075,0,0,0,0,nan,nan,-1,unknown,0,0,0
77,1966.199992480,2.801480478079119,-0.06757693566430806,0.0,-0.032362918921750354,2.801480478079119,-0.06757693566430806,0.0,-0.032362918921750354,0,0,0,0,nan,nan,-1,unknown,0,0,0
78,1966.399679140,2.861911507751283,-0.07680367963401036,0.0,-0.03654192860211092,2.861911507751283,-0.07680367963401036,0.0,-0.03654192860211092,0,0,0,0,nan,nan,-1,unknown,0,0,0
79,1966.599364400,2.9268814356627484,-0.07764787118355694,0.0,-0.0442212620971074,2.9268814356627484,-0.07764787118355694,0.0,-0.0442212620971074,0,0,0,0,nan,nan,-1,unknown,0,0,0
80,1966.799442860,2.9807413146357096,-0.07408226970943449,0.0,-0.05047545697186497,2.9807413146357096,-0.07408226970943449,0.0,-0.05047545697186497,0,0,0,0,nan,nan,-1,unknown,0,0,0
81,1966.999910480,3.0364991262048115,-0.09111201858381777,0.0,-0.05412171925101948,3.0364991262048115,-0.09111201858381777,0.0,-0.05412171925101948,0,0,0,0,nan,nan,-1,unknown,0,0,0
82,1967.199595080,3.1147855354259586,-0.09084889241362097,0.0,-0.07799241830504064,3.1147855354259586,-0.09084889241362097,0.0,-0.07799241830504064,0,0,0,0,nan,nan,-1,unknown,0,0,0
83,1967.399290160,3.209254305929651,-0.09611417091090119,0.0,-0.09969577777086494,3.209254305929651,-0.09611417091090119,0.0,-0.09969577777086494,0,0,0,0,nan,nan,-1,unknown,0,0,0
84,1967.599743260,3.303331910903109,-0.10215951395669473,0.0,-0.12414383624741471,3.303331910903109,-0.10215951395669473,0.0,-0.12414383624741471,0,0,0,0,nan,nan,-1,unknown,0,0,0
85,1967.799436280,3.400907489581213,-0.09091418781966283,0.0,-0.15205859965388646,3.400907489581213,-0.09091418781966283,0.0,-0.15205859965388646,0,0,0,0,nan,nan,-1,unknown,0,0,0
86,1967.999497100,3.501441783870764,-0.08653808181676717,0.0,-0.1790119944682921,3.501441783870764,-0.08653808181676717,0.0,-0.1790119944682921,0,0,0,0,nan,nan,-1,unknown,0,0,0
87,1968.199984160,3.5845720425781065,-0.10510351458336928,0.0,-0.1988740602469047,3.5845720425781065,-0.10510351458336928,0.0,-0.1988740602469047,0,0,0,0,nan,nan,-1,unknown,0,0,0
88,1968.399659960,3.6661842589960503,-0.12969037328217964,0.0,-0.21000433940942773,3.6661842589960503,-0.12969037328217964,0.0,-0.21000433940942773,0,0,0,0,nan,nan,-1,unknown,0,0,0
89,1968.599343460,3.754085239974213,-0.13173186133686318,0.0,-0.21808424111192903,3.754085239974213,-0.13173186133686318,0.0,-0.21808424111192903,0,0,0,0,nan,nan,-1,unknown,0,0,0
90,1968.799813320,3.8423837089754564,-0.16684561670038495,0.0,-0.2334532617630883,3.8423837089754564,-0.16684561670038495,0.0,-0.2334532617630883,0,0,0,0,nan,nan,-1,unknown,0,0,0
91,1968.999481300,3.9179024348850486,-0.20251231009502033,0.0,-0.2732851336791151,3.9179024348850486,-0.20251231009502033,0.0,-0.2732851336791151,0,0,0,0,nan,nan,-1,unknown,0,0,0
92,1969.199955780,3.990715775187556,-0.20743035989726846,0.0,-0.3211201823726264,3.990715775187556,-0.20743035989726846,0.0,-0.3211201823726264,0,0,0,0,nan,nan,-1,unknown,0,0,0
93,1969.399646400,4.043342248847824,-0.20259574684622322,0.0,-0.3144733243692152,4.043342248847824,-0.20259574684622322,0.0,-0.3144733243692152,0,0,0,0,nan,nan,-1,unknown,0,0,0
94,1969.599332760,4.068109983319354,-0.2082468242244352,0.0,-0.27896291065211143,4.068109983319354,-0.2082468242244352,0.0,-0.27896291065211143,0,0,0,0,nan,nan,-1,unknown,0,0,0
95,1969.799819880,4.088000243878639,-0.22693349561984316,0.0,-0.2390054454691741,4.088000243878639,-0.22693349561984316,0.0,-0.2390054454691741,0,0,0,0,nan,nan,-1,unknown,0,0,0
96,1969.999488280,4.1109187725169125,-0.21500234960478018,0.0,-0.21795414497729362,4.1109187725169125,-0.21500234960478018,0.0,-0.21795414497729362,0,0,0,0,nan,nan,-1,unknown,0,0,0
97,1970.199995440,4.135703696225445,-0.21566364633490442,0.0,-0.27148466756973116,4.135703696225445,-0.21566364633490442,0.0,-0.27148466756973116,0,0,0,0,nan,nan,-1,unknown,0,0,0
98,1970.399682340,4.152277780953918,-0.21280706908690256,0.0,-0.370165020455147,4.152277780953918,-0.21280706908690256,0.0,-0.370165020455147,0,0,0,0,nan,nan,-1,unknown,0,0,0
99,1970.599361000,4.188997717659586,-0.24295203984094615,0.0,-0.465244501193328,4.188997717659586,-0.24295203984094615,0.0,-0.465244501193328,0,0,0,0,nan,nan,-1,unknown,0,0,0
100,1970.799838240,4.264314858293361,-0.16119591351973173,0.0,-0.5823555467945771,4.264314858293361,-0.16119591351973173,0.0,-0.5823555467945771,0,0,0,0,nan,nan,-1,unknown,0,0,0
101,1970.999524360,4.296258133655767,-0.16555804285741904,0.0,-0.6875651930874002,4.296258133655767,-0.16555804285741904,0.0,-0.6875651930874002,0,0,0,0,nan,nan,-1,unknown,0,0,0
102,1971.199993160,4.250176861099933,-0.21961590897021116,0.0,-0.7524750344729519,4.250176861099933,-0.21961590897021116,0.0,-0.7524750344729519,0,0,0,0,nan,nan,-1,unknown,0,0,0
103,1971.399671960,4.299748350204689,-0.21614611531214614,0.0,-0.8815453692182932,4.299748350204689,-0.21614611531214614,0.0,-0.8815453692182932,0,0,0,0,nan,nan,-1,unknown,0,0,0
104,1971.599355640,4.343254835177392,-0.21423130938742674,0.0,-0.999291574947412,4.343254835177392,-0.21423130938742674,0.0,-0.999291574947412,0,0,0,0,nan,nan,-1,unknown,0,0,0
105,1971.799822740,4.248386641710623,-0.24963640837048137,0.0,-1.038250663662235,4.248386641710623,-0.24963640837048137,0.0,-1.038250663662235,0,0,0,0,nan,nan,-1,unknown,0,0,0
106,1971.999500400,4.2370647645344555,-0.24843890399446925,0.0,-1.1070966541296043,4.2370647645344555,-0.24843890399446925,0.0,-1.1070966541296043,0,0,0,0,nan,nan,-1,unknown,0,0,0
107,1972.199974360,4.232260859384544,-0.2521342628913874,0.0,-1.199800428974294,4.232260859384544,-0.2521342628913874,0.0,-1.199800428974294,0,0,0,0,nan,nan,-1,unknown,0,0,0
108,1972.399659180,4.296891696190012,-0.2554760868697533,0.0,-1.3016257637066309,4.296891696190012,-0.2554760868697533,0.0,-1.3016257637066309,0,0,0,0,nan,nan,-1,unknown,0,0,0
109,1972.599337960,4.295124944556813,-0.2530368576044329,0.0,-1.3842050929164706,4.295124944556813,-0.2530368576044329,0.0,-1.3842050929164706,0,0,0,0,nan,nan,-1,unknown,0,0,0
110,1972.799792280,4.314047065508744,-0.2603455519831852,0.0,-1.420629108513044,4.314047065508744,-0.2603455519831852,0.0,-1.420629108513044,0,0,0,0,nan,nan,-1,unknown,0,0,0
111,1972.999471440,4.332266259586376,-0.2751633766223445,0.0,-1.4378914949322608,4.332266259586376,-0.2751633766223445,0.0,-1.4378914949322608,0,0,0,0,nan,nan,-1,unknown,0,0,0
112,1973.199979840,4.348512208811049,-0.3123425558519997,0.0,-1.4407644397188228,4.348512208811049,-0.3123425558519997,0.0,-1.4407644397188228,0,0,0,0,nan,nan,-1,unknown,0,0,0
113,1973.399660660,4.366029561127483,-0.362132796684426,0.0,-1.4208321512827446,4.366029561127483,-0.362132796684426,0.0,-1.4208321512827446,0,0,0,0,nan,nan,-1,unknown,0,0,0
114,1973.599339860,4.380862699684406,-0.4278949525745669,0.0,-1.421932572440881,4.380862699684406,-0.4278949525745669,0.0,-1.421932572440881,0,0,0,0,nan,nan,-1,unknown,0,0,0
115,1973.799840100,4.395488251917789,-0.4977389924545148,0.0,-1.4433055056668238,4.395488251917789,-0.4977389924545148,0.0,-1.4433055056668238,0,0,0,0,nan,nan,-1,unknown,0,0,0
116,1973.999527920,4.421345705802499,-0.5663345127834556,0.0,-1.462540185022752,4.421345705802499,-0.5663345127834556,0.0,-1.462540185022752,0,0,0,0,nan,nan,-1,unknown,0,0,0
117,1974.199600120,4.44496430316279,-0.6424254191455328,0.0,-1.4826980064773216,4.44496430316279,-0.6424254191455328,0.0,-1.4826980064773216,0,0,0,0,nan,nan,-1,unknown,0,0,0
118,1974.399282540,4.468617448784724,-0.7246079455307022,0.0,-1.506359939045996,4.468617448784724,-0.7246079455307022,0.0,-1.506359939045996,0,0,0,0,nan,nan,-1,unknown,0,0,0
119,1974.599767380,4.476623196642198,-0.8047404441268229,0.0,-1.5284494999300375,4.476623196642198,-0.8047404441268229,0.0,-1.5284494999300375,0,0,0,0,nan,nan,-1,unknown,0,0,0
120,1974.799448880,4.499330565131929,-0.8835821696654721,0.0,-1.5582855717915027,4.499330565131929,-0.8835821696654721,0.0,-1.5582855717915027,0,0,0,0,nan,nan,-1,unknown,0,0,0
121,1974.999924940,4.4892090548430446,-0.9646209469723861,0.0,-1.587132909275247,4.4892090548430446,-0.9646209469723861,0.0,-1.587132909275247,0,0,0,0,nan,nan,-1,unknown,0,0,0
122,1975.199580900,4.489849752555373,-1.0632432357991792,0.0,-1.6118502690299426,4.489849752555373,-1.0632432357991792,0.0,-1.6118502690299426,0,0,0,0,nan,nan,-1,unknown,0,0,0
123,1975.399653820,4.506674018090926,-1.1592227613152843,0.0,-1.6258622252943216,4.506674018090926,-1.1592227613152843,0.0,-1.6258622252943216,0,0,0,0,nan,nan,-1,unknown,0,0,0
124,1975.599325400,4.533410082318584,-1.2502724883669578,0.0,-1.6260430699532211,4.533410082318584,-1.2502724883669578,0.0,-1.6260430699532211,0,0,0,0,nan,nan,-1,unknown,0,0,0
125,1975.799802920,4.537447842672642,-1.3295570705659037,0.0,-1.62496222623451,4.537447842672642,-1.3295570705659037,0.0,-1.62496222623451,0,0,0,0,nan,nan,-1,unknown,0,0,0
126,1975.999456400,4.540251310313107,-1.4108141934716811,0.0,-1.6309321208612613,4.540251310313107,-1.4108141934716811,0.0,-1.6309321208612613,0,0,0,0,nan,nan,-1,unknown,0,0,0
127,1976.199961500,4.539033716297964,-1.4877781813645168,0.0,-1.6492378512105583,4.539033716297964,-1.4877781813645168,0.0,-1.6492378512105583,0,0,0,0,nan,nan,-1,unknown,0,0,0
128,1976.399653760,4.529434192058684,-1.574312092583655,0.0,-1.6661538348738163,4.529434192058684,-1.574312092583655,0.0,-1.6661538348738163,0,0,0,0,nan,nan,-1,unknown,0,0,0
129,1976.599325040,4.5387280070502305,-1.662169485941396,0.0,-1.6796588670642374,4.5387280070502305,-1.662169485941396,0.0,-1.6796588670642374,0,0,0,0,nan,nan,-1,unknown,0,0,0
130,1976.799804140,4.5570017968446965,-1.7474939289566567,0.0,-1.6984395964311527,4.5570017968446965,-1.7474939289566567,0.0,-1.6984395964311527,0,0,0,0,nan,nan,-1,unknown,0,0,0
131,1976.999469520,4.573290890977334,-1.8225249190418327,0.0,-1.7188655547637675,4.573290890977334,-1.8225249190418327,0.0,-1.7188655547637675,0,0,0,0,nan,nan,-1,unknown,0,0,0
132,1977.199958320,4.553413412267218,-1.8838122090382772,0.0,-1.7068603620116307,4.553413412267218,-1.8838122090382772,0.0,-1.7068603620116307,0,0,0,0,nan,nan,-1,unknown,0,0,0
133,1977.399626680,4.579941386676453,-1.9563388759548461,0.0,-1.6812569538309754,4.579941386676453,-1.9563388759548461,0.0,-1.6812569538309754,0,0,0,0,nan,nan,-1,unknown,0,0,0
134,1977.599294700,4.583188904065847,-2.0437466987019395,0.0,-1.6534693177340845,4.583188904065847,-2.0437466987019395,0.0,-1.6534693177340845,0,0,0,0,nan,nan,-1,unknown,0,0,0
135,1977.799799080,4.559794117982032,-2.161317621233915,0.0,-1.6363686148838896,4.559794117982032,-2.161317621233915,0.0,-1.6363686148838896,0,0,0,0,nan,nan,-1,unknown,0,0,0
136,1977.999490020,4.5245088593665255,-2.2743312683025847,0.0,-1.628193548014091,4.5245088593665255,-2.2743312683025847,0.0,-1.628193548014091,0,0,0,0,nan,nan,-1,unknown,0,0,0
137,1978.199968960,4.5482865111969675,-2.3598698358747274,0.0,-1.6213120795954634,4.5482865111969675,-2.3598698358747274,0.0,-1.6213120795954634,0,0,0,0,nan,nan,-1,unknown,0,0,0
138,1978.399656060,4.557733730017018,-2.4458126389294756,0.0,-1.6319954082462786,4.557733730017018,-2.4458126389294756,0.0,-1.6319954082462786,0,0,0,0,nan,nan,-1,unknown,0,0,0
139,1978.599338960,4.569388891424118,-2.522304448743569,0.0,-1.6365646228394084,4.569388891424118,-2.522304448743569,0.0,-1.6365646228394084,0,0,0,0,nan,nan,-1,unknown,0,0,0
140,1978.799828220,4.565246608552605,-2.5857270287246594,0.0,-1.6377978691142057,4.565246608552605,-2.5857270287246594,0.0,-1.6377978691142057,0,0,0,0,nan,nan,-1,unknown,0,0,0
141,1978.999503340,4.574131388255237,-2.63443543452442,0.0,-1.6513838912903256,4.574131388255237,-2.63443543452442,0.0,-1.6513838912903256,0,0,0,0,nan,nan,-1,unknown,0,0,0
142,1979.199992740,4.57897441499887,-2.6669091234640856,0.0,-1.6610109776198754,4.57897441499887,-2.6669091234640856,0.0,-1.6610109776198754,0,0,0,0,nan,nan,-1,unknown,0,0,0
143,1979.399671480,4.597725996141644,-2.6854199561408176,0.0,-1.6780002633527842,4.597725996141644,-2.6854199561408176,0.0,-1.6780002633527842,0,0,0,0,nan,nan,-1,unknown,0,0,0
144,1979.599348660,4.564516965778981,-2.6880312789627947,0.0,-1.7348662336340603,4.564516965778981,-2.6880312789627947,0.0,-1.7348662336340603,0,0,0,0,nan,nan,-1,unknown,0,0,0
145,1979.799821460,4.620852251986516,-2.6859023260006647,0.0,-1.7964401872241447,4.620852251986516,-2.6859023260006647,0.0,-1.7964401872241447,0,0,0,0,nan,nan,-1,unknown,0,0,0
146,1979.999502960,4.588200775959837,-2.6630391546302343,0.0,-1.8542738144435662,4.588200775959837,-2.6630391546302343,0.0,-1.8542738144435662,0,0,0,0,nan,nan,-1,unknown,0,0,0
147,1980.199963940,4.542214020123688,-2.6489443776553974,0.0,-1.9233982422972944,4.542214020123688,-2.6489443776553974,0.0,-1.9233982422972944,0,0,0,0,nan,nan,-1,unknown,0,0,0
148,1980.399657900,4.48886775148664,-2.6146611074179704,0.0,-1.9877780537653833,4.48886775148664,-2.6146611074179704,0.0,-1.9877780537653833,0,0,0,0,nan,nan,-1,unknown,0,0,0
149,1980.599344860,4.433482926349138,-2.588355899718459,0.0,-2.0543523425692958,4.433482926349138,-2.588355899718459,0.0,-2.0543523425692958,0,0,0,0,nan,nan,-1,unknown,0,0,0
150,1980.799810440,4.418338925791512,-2.5269218391288493,0.0,-2.164878221416659,4.418338925791512,-2.5269218391288493,0.0,-2.164878221416659,0,0,0,0,nan,nan,-1,unknown,0,0,0
151,1980.999499880,4.441626240221817,-2.543788740721734,0.0,-2.3154626358039856,4.441626240221817,-2.543788740721734,0.0,-2.3154626358039856,0,0,0,0,nan,nan,-1,unknown,0,0,0
152,1981.199980180,4.4274158368697245,-2.5650431970725296,0.0,-2.4681468888894385,4.4274158368697245,-2.5650431970725296,0.0,-2.4681468888894385,0,0,0,0,nan,nan,-1,unknown,0,0,0
153,1981.399678340,4.401051931402657,-2.578503228649079,0.0,-2.6207439303361237,4.401051931402657,-2.578503228649079,0.0,-2.6207439303361237,0,0,0,0,nan,nan,-1,unknown,0,0,0
154,1981.599376380,4.388419802058369,-2.5558365640640233,0.0,-2.679140838543921,4.388419802058369,-2.5558365640640233,0.0,-2.679140838543921,0,0,0,0,nan,nan,-1,unknown,0,0,0
155,1981.799449200,4.377253295016429,-2.556299845895946,0.0,-2.6996670145343207,4.377253295016429,-2.556299845895946,0.0,-2.6996670145343207,0,0,0,0,nan,nan,-1,unknown,0,0,0
156,1981.999939480,4.359271992352996,-2.563330804082526,0.0,-2.708627090331233,4.359271992352996,-2.563330804082526,0.0,-2.708627090331233,0,0,0,0,nan,nan,-1,unknown,0,0,0
157,1982.199604860,4.321610694764491,-2.5869808393191915,0.0,-2.717380546354564,4.321610694764491,-2.5869808393191915,0.0,-2.717380546354564,0,0,0,0,nan,nan,-1,unknown,0,0,0
158,1982.399305640,4.265385366312555,-2.6105848157721336,0.0,-2.749841238476423,4.265385366312555,-2.6105848157721336,0.0,-2.749841238476423,0,0,0,0,nan,nan,-1,unknown,0,0,0
159,1982.599804000,4.18843918571905,-2.6254428394310514,0.0,-2.772498687005865,4.18843918571905,-2.6254428394310514,0.0,-2.772498687005865,0,0,0,0,nan,nan,-1,unknown,0,0,0
160,1982.799486540,4.102966352161905,-2.6606141568343222,0.0,-2.784185819451178,4.102966352161905,-2.6606141568343222,0.0,-2.784185819451178,0,0,0,0,nan,nan,-1,unknown,0,0,0
161,1982.999948220,4.014318432004737,-2.7094181910822495,0.0,-2.8010196436776456,4.014318432004737,-2.7094181910822495,0.0,-2.8010196436776456,0,0,0,0,nan,nan,-1,unknown,0,0,0
162,1983.199616340,3.918630972928301,-2.757859327940959,0.0,-2.819191327405815,3.918630972928301,-2.757859327940959,0.0,-2.819191327405815,0,0,0,0,nan,nan,-1,unknown,0,0,0
163,1983.399283480,3.820669716178922,-2.786076027131469,0.0,-2.840117778012775,3.820669716178922,-2.786076027131469,0.0,-2.840117778012775,0,0,0,0,nan,nan,-1,unknown,0,0,0
164,1983.599741100,3.7257021118850697,-2.819739584864787,0.0,-2.8667941896806877,3.7257021118850697,-2.819739584864787,0.0,-2.8667941896806877,0,0,0,0,nan,nan,-1,unknown,0,0,0
165,1983.799420660,3.6261046544712805,-2.857290648700745,0.0,-2.8949896997846274,3.6261046544712805,-2.857290648700745,0.0,-2.8949896997846274,0,0,0,0,nan,nan,-1,unknown,0,0,0
166,1983.999510360,3.521260294629405,-2.9035018134138584,0.0,-2.923386159968036,3.521260294629405,-2.9035018134138584,0.0,-2.923386159968036,0,0,0,0,nan,nan,-1,unknown,0,0,0
167,1984.199987320,3.4090622827188555,-2.9175979218398242,0.0,-2.947074086433083,3.4090622827188555,-2.9175979218398242,0.0,-2.947074086433083,0,0,0,0,nan,nan,-1,unknown,0,0,0
168,1984.399662620,3.3011250724419114,-2.9413632043825433,0.0,-2.970090188019246,3.3011250724419114,-2.9413632043825433,0.0,-2.970090188019246,0,0,0,0,nan,nan,-1,unknown,0,0,0
169,1984.599355120,3.19793663340476,-2.977998789485992,0.0,-2.98056620577887,3.19793663340476,-2.977998789485992,0.0,-2.98056620577887,0,0,0,0,nan,nan,-1,unknown,0,0,0
170,1984.799451940,3.0866140600733947,-2.9895585604307406,0.0,-2.9708527672934224,3.0866140600733947,-2.9895585604307406,0.0,-2.9708527672934224,0,0,0,0,nan,nan,-1,unknown,0,0,0
171,1984.999941420,2.9733110305665793,-2.9974026531243343,0.0,-2.946016296035225,2.9733110305665793,-2.9974026531243343,0.0,-2.946016296035225,0,0,0,0,nan,nan,-1,unknown,0,0,0
172,1985.199619820,2.8657587322842657,-3.0104428241890098,0.0,-2.914770193876629,2.8657587322842657,-3.0104428241890098,0.0,-2.914770193876629,0,0,0,0,nan,nan,-1,unknown,0,0,0
173,1985.399677960,2.7727602568221563,-3.0535167353516997,0.0,-2.8774877348212433,2.7727602568221563,-3.0535167353516997,0.0,-2.8774877348212433,0,0,0,0,nan,nan,-1,unknown,0,0,0
174,1985.599359040,2.674889559836196,-3.1042812512447657,0.0,-2.837426203150794,2.674889559836196,-3.1042812512447657,0.0,-2.837426203150794,0,0,0,0,nan,nan,-1,unknown,0,0,0
175,1985.799441940,2.580553505507931,-3.121577265831707,0.0,-2.8075742549155156,2.580553505507931,-3.121577265831707,0.0,-2.8075742549155156,0,0,0,0,nan,nan,-1,unknown,0,0,0
176,1985.999913000,2.478088115921699,-3.137437935079424,0.0,-2.7871803706942195,2.478088115921699,-3.137437935079424,0.0,-2.7871803706942195,0,0,0,0,nan,nan,-1,unknown,0,0,0
177,1986.199599300,2.3658045066984976,-3.18093376919416,0.0,-2.790810256424461,2.3658045066984976,-3.18093376919416,0.0,-2.790810256424461,0,0,0,0,nan,nan,-1,unknown,0,0,0
178,1986.399667680,2.2583545129186278,-3.219424019389534,0.0,-2.79572885315604,2.2583545129186278,-3.219424019389534,0.0,-2.79572885315604,0,0,0,0,nan,nan,-1,unknown,0,0,0
179,1986.599344200,2.1591184616524894,-3.28820101173629,0.0,-2.8095064830808827,2.1591184616524894,-3.28820101173629,0.0,-2.8095064830808827,0,0,0,0,nan,nan,-1,unknown,0,0,0
180,1986.799838420,2.0693607772088467,-3.329484890172805,0.0,-2.810429400863747,2.0693607772088467,-3.329484890172805,0.0,-2.810429400863747,0,0,0,0,nan,nan,-1,unknown,0,0,0
181,1986.999509480,1.9812236199080442,-3.355617665905076,0.0,-2.809437497870009,1.9812236199080442,-3.355617665905076,0.0,-2.809437497870009,0,0,0,0,nan,nan,-1,unknown,0,0,0
182,1987.199979000,1.8866872054548762,-3.3934085748226748,0.0,-2.8149993556366755,1.8866872054548762,-3.3934085748226748,0.0,-2.8149993556366755,0,0,0,0,nan,nan,-1,unknown,0,0,0
183,1987.399666200,1.7901935586072244,-3.4353942719340806,0.0,-2.833637828500526,1.7901935586072244,-3.4353942719340806,0.0,-2.833637828500526,0,0,0,0,nan,nan,-1,unknown,0,0,0
184,1987.599343980,1.7081247364376302,-3.45488362412436,0.0,-2.8502139010084457,1.7081247364376302,-3.45488362412436,0.0,-2.8502139010084457,0,0,0,0,nan,nan,-1,unknown,0,0,0
185,1987.799809940,1.6298938529747962,-3.4907718421494436,0.0,-2.864277799614462,1.6298938529747962,-3.4907718421494436,0.0,-2.864277799614462,0,0,0,0,nan,nan,-1,unknown,0,0,0
186,1987.999494600,1.557742317164329,-3.5030827080817466,0.0,-2.873956582970631,1.557742317164329,-3.5030827080817466,0.0,-2.873956582970631,0,0,0,0,nan,nan,-1,unknown,0,0,0
187,1988.199978600,1.4755248732290873,-3.5434281520750264,0.0,-2.880258774297847,1.4755248732290873,-3.5434281520750264,0.0,-2.880258774297847,0,0,0,0,nan,nan,-1,unknown,0,0,0
188,1988.399648900,1.3980061166084887,-3.5464189825142998,0.0,-2.877228092414145,1.3980061166084887,-3.5464189825142998,0.0,-2.877228092414145,0,0,0,0,nan,nan,-1,unknown,0,0,0
189,1988.599301400,1.3377603958821314,-3.5571693047317243,0.0,-2.875464375354906,1.3377603958821314,-3.5571693047317243,0.0,-2.875464375354906,0,0,0,0,nan,nan,-1,unknown,0,0,0
190,1988.799785960,1.2826475579245853,-3.571799400796925,0.0,-2.8902384405319412,1.2826475579245853,-3.571799400796925,0.0,-2.8902384405319412,0,0,0,0,nan,nan,-1,unknown,0,0,0
191,1988.999483060,1.225533444917139,-3.5913305927681294,0.0,-2.9299984617385952,1.225533444917139,-3.5913305927681294,0.0,-2.9299984617385952,0,0,0,0,nan,nan,-1,unknown,0,0,0
192,1989.199959480,1.1711202485955914,-3.5739546836912406,0.0,-2.940087424810952,1.1711202485955914,-3.5739546836912406,0.0,-2.940087424810952,0,0,0,0,nan,nan,-1,unknown,0,0,0
193,1989.399654660,1.1004827337249448,-3.588427136495526,0.0,-2.9496224351714004,1.1004827337249448,-3.588427136495526,0.0,-2.9496224351714004,0,0,0,0,nan,nan,-1,unknown,0,0,0
194,1989.599329300,1.0461300197106185,-3.613540232266297,0.0,-2.956460352332479,1.0461300197106185,-3.613540232266297,0.0,-2.956460352332479,0,0,0,0,nan,nan,-1,unknown,0,0,0
195,1989.799817600,1.002883389803945,-3.619332751988412,0.0,-2.954658139521102,1.002883389803945,-3.619332751988412,0.0,-2.954658139521102,0,0,0,0,nan,nan,-1,unknown,0,0,0
196,1989.999498860,0.9748375951526269,-3.652505765136175,0.0,-2.9716478544488534,0.9748375951526269,-3.652505765136175,0.0,-2.9716478544488534,0,0,0,0,nan,nan,-1,unknown,0,0,0
197,1990.199600700,0.9451698854045237,-3.649815946170322,0.0,-2.979627164508818,0.9451698854045237,-3.649815946170322,0.0,-2.979627164508818,0,0,0,0,nan,nan,-1,unknown,0,0,0
198,1990.399288960,0.9172601505755006,-3.643592403863691,0.0,-2.980052930867593,0.9172601505755006,-3.643592403863691,0.0,-2.980052930867593,0,0,0,0,nan,nan,-1,unknown,0,0,0
199,1990.599747480,0.9046913600427451,-3.6407567395796714,0.0,-2.987142949808867,0.9046913600427451,-3.6407567395796714,0.0,-2.987142949808867,0,0,0,0,nan,nan,-1,unknown,0,0,0
200,1990.799423360,0.9078077333677457,-3.6596730869108582,0.0,-3.008300709421826,0.9078077333677457,-3.6596730869108582,0.0,-3.008300709421826,0,0,0,0,nan,nan,-1,unknown,0,0,0
201,1990.999499700,0.9162145633791973,-3.653597940339974,0.0,-3.031563207484842,0.9162145633791973,-3.653597940339974,0.0,-3.031563207484842,0,0,0,0,nan,nan,-1,unknown,0,0,0
202,1991.199970700,0.9169371873171002,-3.6542650199801967,0.0,-3.0567618087471264,0.9169371873171002,-3.6542650199801967,0.0,-3.0567618087471264,0,0,0,0,nan,nan,-1,unknown,0,0,0
203,1991.399653780,0.9154171122253125,-3.6593887759207586,0.0,-3.062253436667868,0.9154171122253125,-3.6593887759207586,0.0,-3.062253436667868,0,0,0,0,nan,nan,-1,unknown,0,0,0
204,1991.599334420,0.9153797199361413,-3.6563858760812007,0.0,-3.0647787569829257,0.9153797199361413,-3.6563858760812007,0.0,-3.0647787569829257,0,0,0,0,nan,nan,-1,unknown,0,0,0
205,1991.799833240,0.9166827138144648,-3.6584240880242254,0.0,-3.0778693961866406,0.9166827138144648,-3.6584240880242254,0.0,-3.0778693961866406,0,0,0,0,nan,nan,-1,unknown,0,0,0
206,1991.999521920,0.9379964724769114,-3.6018042468163043,0.0,-3.1128553065499642,0.9379964724769114,-3.6018042468163043,0.0,-3.1128553065499642,0,0,0,0,nan,nan,-1,unknown,0,0,0
207,1992.199600320,0.9631722888817658,-3.5628408936135973,0.0,3.087972583919123,0.9631722888817658,-3.5628408936135973,0.0,3.087972583919123,0,0,0,0,nan,nan,-1,unknown,0,0,0
208,1992.399299140,0.9409722172586844,-3.5533805276962087,0.0,2.95840086272098,0.9409722172586844,-3.5533805276962087,0.0,2.95840086272098,0,0,0,0,nan,nan,-1,unknown,0,0,0
209,1992.599765560,0.919915649752786,-3.523310752153573,0.0,2.839534298344437,0.919915649752786,-3.523310752153573,0.0,2.839534298344437,0,0,0,0,nan,nan,-1,unknown,0,0,0
210,1992.799446420,0.9088307411959331,-3.524048332434098,0.0,2.7235981881741065,0.9088307411959331,-3.524048332434098,0.0,2.7235981881741065,0,0,0,0,nan,nan,-1,unknown,0,0,0
211,1992.999913840,0.895353172864014,-3.5089041070691342,0.0,2.6163804682716605,0.895353172864014,-3.5089041070691342,0.0,2.6163804682716605,0,0,0,0,nan,nan,-1,unknown,0,0,0
212,1993.199606560,0.9023749483258644,-3.4670894741880525,0.0,2.5014379714264208,0.9023749483258644,-3.4670894741880525,0.0,2.5014379714264208,0,0,0,0,nan,nan,-1,unknown,0,0,0
213,1993.399290660,0.9009018263973232,-3.4547233640761834,0.0,2.375214011721823,0.9009018263973232,-3.4547233640761834,0.0,2.375214011721823,0,0,0,0,nan,nan,-1,unknown,0,0,0
214,1993.599781680,0.8957535439638771,-3.453203157476288,0.0,2.3008133195520255,0.8957535439638771,-3.453203157476288,0.0,2.3008133195520255,0,0,0,0,nan,nan,-1,unknown,0,0,0
215,1993.799450980,0.8705987519330501,-3.4561490980110694,0.0,2.2638078735159226,0.8705987519330501,-3.4561490980110694,0.0,2.2638078735159226,0,0,0,0,nan,nan,-1,unknown,0,0,0
216,1993.999931400,0.835639690925032,-3.4664821445869296,0.0,2.2225586779780264,0.835639690925032,-3.4664821445869296,0.0,2.2225586779780264,0,0,0,0,nan,nan,-1,unknown,0,0,0
217,1994.199604300,0.8201441497951765,-3.4458264278779898,0.0,2.1685838785295,0.8201441497951765,-3.4458264278779898,0.0,2.1685838785295,0,0,0,0,nan,nan,-1,unknown,0,0,0
218,1994.399287500,0.7950580606305792,-3.4065367976490792,0.0,2.126773259999303,0.7950580606305792,-3.4065367976490792,0.0,2.126773259999303,0,0,0,0,nan,nan,-1,unknown,0,0,0
219,1994.599773060,0.7740112453564219,-3.357159598720588,0.0,2.0765460144393124,0.7740112453564219,-3.357159598720588,0.0,2.0765460144393124,0,0,0,0,nan,nan,-1,unknown,0,0,0
220,1994.799470240,0.7562953299792032,-3.303212195447102,0.0,2.070309591851508,0.7562953299792032,-3.303212195447102,0.0,2.070309591851508,0,0,0,0,nan,nan,-1,unknown,0,0,0
221,1994.999964780,0.7397482637974878,-3.2262413001264454,0.0,2.10921791124342,0.7397482637974878,-3.2262413001264454,0.0,2.10921791124342,0,0,0,0,nan,nan,-1,unknown,0,0,0
222,1995.199638700,0.7486836082496208,-3.125688312187185,0.0,2.1315574483431514,0.7486836082496208,-3.125688312187185,0.0,2.1315574483431514,0,0,0,0,nan,nan,-1,unknown,0,0,0
223,1995.399312940,0.7358754895358127,-3.044672947524861,0.0,2.1172501929818037,0.7358754895358127,-3.044672947524861,0.0,2.1172501929818037,0,0,0,0,nan,nan,-1,unknown,0,0,0
224,1995.599777780,0.7030260944874347,-2.9731659617693103,0.0,2.089661988098832,0.7030260944874347,-2.9731659617693103,0.0,2.089661988098832,0,0,0,0,nan,nan,-1,unknown,0,0,0
225,1995.799476020,0.6474407269701222,-2.916663371646759,0.0,2.066126169151614,0.6474407269701222,-2.916663371646759,0.0,2.066126169151614,0,0,0,0,nan,nan,-1,unknown,0,0,0
226,1995.999935620,0.6211868356365559,-2.8504380172738335,0.0,2.0616114102009826,0.6211868356365559,-2.8504380172738335,0.0,2.0616114102009826,0,0,0,0,nan,nan,-1,unknown,0,0,0
227,1996.199599280,0.5899889402234633,-2.784583908357418,0.0,2.063677895596926,0.5899889402234633,-2.784583908357418,0.0,2.063677895596926,0,0,0,0,nan,nan,-1,unknown,0,0,0
228,1996.399286180,0.5404542016407805,-2.7122948091749945,0.0,2.0812030472535463,0.5404542016407805,-2.7122948091749945,0.0,2.0812030472535463,0,0,0,0,nan,nan,-1,unknown,0,0,0
229,1996.599764740,0.49159327752071647,-2.6262167198072706,0.0,2.1053568257834048,0.49159327752071647,-2.6262167198072706,0.0,2.1053568257834048,0,0,0,0,nan,nan,-1,unknown,0,0,0
230,1996.799438320,0.4389688051863418,-2.5296812937870463,0.0,2.1294919120712628,0.4389688051863418,-2.5296812937870463,0.0,2.1294919120712628,0,0,0,0,nan,nan,-1,unknown,0,0,0
231,1996.999932220,0.3803961252376977,-2.437601070738091,0.0,2.1481800017690045,0.3803961252376977,-2.437601070738091,0.0,2.1481800017690045,0,0,0,0,nan,nan,-1,unknown,0,0,0
232,1997.199609340,0.3103073034155443,-2.335805315619272,0.0,2.162730637785915,0.3103073034155443,-2.335805315619272,0.0,2.162730637785915,0,0,0,0,nan,nan,-1,unknown,0,0,0
233,1997.399289820,0.2365321895174412,-2.2372553383818246,0.0,2.168204614089908,0.2365321895174412,-2.2372553383818246,0.0,2.168204614089908,0,0,0,0,nan,nan,-1,unknown,0,0,0
234,1997.599762000,0.17311623982639313,-2.1447071767152033,0.0,2.1729836690856734,0.17311623982639313,-2.1447071767152033,0.0,2.1729836690856734,0,0,0,0,nan,nan,-1,unknown,0,0,0
235,1997.799424680,0.12060862385888457,-2.048849671072976,0.0,2.1652942227034484,0.12060862385888457,-2.048849671072976,0.0,2.1652942227034484,0,0,0,0,nan,nan,-1,unknown,0,0,0
236,1997.999485080,0.07121013021471628,-1.9460686045487394,0.0,2.1496180822748663,0.07121013021471628,-1.9460686045487394,0.0,2.1496180822748663,0,0,0,0,nan,nan,-1,unknown,0,0,0
237,1998.199974220,0.03240904581336629,-1.8483593255210893,0.0,2.143821413941149,0.03240904581336629,-1.8483593255210893,0.0,2.143821413941149,0,0,0,0,nan,nan,-1,unknown,0,0,0
238,1998.399654400,-0.0488033871975575,-1.780965390734254,0.0,2.132275254963108,-0.0488033871975575,-1.780965390734254,0.0,2.132275254963108,0,0,0,0,nan,nan,-1,unknown,0,0,0
239,1998.599322780,-0.08656582778322819,-1.6758272845670419,0.0,2.1199589348947656,-0.08656582778322819,-1.6758272845670419,0.0,2.1199589348947656,0,0,0,0,nan,nan,-1,unknown,0,0,0
240,1998.799784760,-0.15039666336754143,-1.5992480140592789,0.0,2.1035315895899545,-0.15039666336754143,-1.5992480140592789,0.0,2.1035315895899545,0,0,0,0,nan,nan,-1,unknown,0,0,0
241,1998.999457160,-0.17520374725140825,-1.5006013681705237,0.0,2.1037761908246444,-0.17520374725140825,-1.5006013681705237,0.0,2.1037761908246444,0,0,0,0,nan,nan,-1,unknown,0,0,0
242,1999.199931140,-0.15538536611494191,-1.3986974074860745,0.0,2.1143691063851375,-0.15538536611494191,-1.3986974074860745,0.0,2.1143691063851375,0,0,0,0,nan,nan,-1,unknown,0,0,0
243,1999.399620400,-0.1543649632562401,-1.3249443045510478,0.0,2.1145040519564016,-0.1543649632562401,-1.3249443045510478,0.0,2.1145040519564016,0,0,0,0,nan,nan,-1,unknown,0,0,0
244,1999.599303620,-0.1858424308423225,-1.2596543518403645,0.0,2.1130161965680743,-0.1858424308423225,-1.2596543518403645,0.0,2.1130161965680743,0,0,0,0,nan,nan,-1,unknown,0,0,0
245,1999.799780600,-0.2113312050996004,-1.1986559760259785,0.0,2.1134248932926947,-0.2113312050996004,-1.1986559760259785,0.0,2.1134248932926947,0,0,0,0,nan,nan,-1,unknown,0,0,0
246,1999.999454680,-0.2392414437728108,-1.1500062697296618,0.0,2.1126829525637,-0.2392414437728108,-1.1500062697296618,0.0,2.1126829525637,0,0,0,0,nan,nan,-1,unknown,0,0,0
247,2000.199927820,-0.25050660827822696,-1.1161903838950582,0.0,2.1054508175790905,-0.25050660827822696,-1.1161903838950582,0.0,2.1054508175790905,0,0,0,0,nan,nan,-1,unknown,0,0,0
248,2000.399603680,-0.16729933227737448,-1.0363100646728558,0.0,2.121501128854187,-0.16729933227737448,-1.0363100646728558,0.0,2.121501128854187,0,0,0,0,nan,nan,-1,unknown,0,0,0
249,2000.599280900,-0.17076349467213844,-1.0012024839807672,0.0,2.1232881510387562,-0.17076349467213844,-1.0012024839807672,0.0,2.1232881510387562,0,0,0,0,nan,nan,-1,unknown,0,0,0
250,2000.799750320,-0.19219809840754878,-0.9493606904171595,0.0,2.124819013771017,-0.19219809840754878,-0.9493606904171595,0.0,2.124819013771017,0,0,0,0,nan,nan,-1,unknown,0,0,0
251,2000.999417900,-0.19666019819443323,-0.9010244937724305,0.0,2.134727875228203,-0.19666019819443323,-0.9010244937724305,0.0,2.134727875228203,0,0,0,0,nan,nan,-1,unknown,0,0,0
252,2001.199502940,-0.13994001695953268,-0.8240063120597619,0.0,2.136162608664437,-0.13994001695953268,-0.8240063120597619,0.0,2.136162608664437,0,0,0,0,nan,nan,-1,unknown,0,0,0
253,2001.399967500,-0.1645957422496721,-0.7734742383300068,0.0,2.1345870395005284,-0.1645957422496721,-0.7734742383300068,0.0,2.1345870395005284,0,0,0,0,nan,nan,-1,unknown,0,0,0
254,2001.599644020,-0.13611497439881937,-0.7640603442508543,0.0,2.1335855237010546,-0.13611497439881937,-0.7640603442508543,0.0,2.1335855237010546,0,0,0,0,nan,nan,-1,unknown,0,0,0
255,2001.799338280,-0.12146406642737619,-0.7565916443971058,0.0,2.13083984227926,-0.12146406642737619,-0.7565916443971058,0.0,2.13083984227926,0,0,0,0,nan,nan,-1,unknown,0,0,0
256,2001.999819220,0.07756686429094682,-0.6636316420371641,0.0,2.1265521284678486,0.07756686429094682,-0.6636316420371641,0.0,2.1265521284678486,0,0,0,0,nan,nan,-1,unknown,0,0,0
257,2002.199491020,0.14680647233505956,-0.6281135470782527,0.0,2.131998495887277,0.14680647233505956,-0.6281135470782527,0.0,2.131998495887277,0,0,0,0,nan,nan,-1,unknown,0,0,0
258,2002.399957440,0.43351687834724806,-0.3274875347604594,0.0,2.144828275289941,0.43351687834724806,-0.3274875347604594,0.0,2.144828275289941,0,0,0,0,nan,nan,-1,unknown,0,0,0
259,2002.599632480,0.8386661845919104,0.08485655961402833,0.0,2.145212719473805,0.8386661845919104,0.08485655961402833,0.0,2.145212719473805,0,0,0,0,nan,nan,-1,unknown,0,0,0
260,2002.799308160,1.0221415658448951,0.22248155677348488,0.0,2.1479435767849298,1.0221415658448951,0.22248155677348488,0.0,2.1479435767849298,0,0,0,0,nan,nan,-1,unknown,0,0,0
261,2002.999784980,1.162716918341872,0.20690192563020962,0.0,2.1503788350305735,1.162716918341872,0.20690192563020962,0.0,2.1503788350305735,0,0,0,0,nan,nan,-1,unknown,0,0,0
262,2003.199459040,1.279061975820179,0.1841574953885528,0.0,2.1193505865141704,1.279061975820179,0.1841574953885528,0.0,2.1193505865141704,0,0,0,0,nan,nan,-1,unknown,0,0,0
263,2003.399951840,1.475753145193635,0.2713584509182465,0.0,2.1233646608691474,1.475753145193635,0.2713584509182465,0.0,2.1233646608691474,0,0,0,0,nan,nan,-1,unknown,0,0,0
264,2003.599631040,1.6036294058031322,0.2825864580022353,0.0,2.12041287631525,1.6036294058031322,0.2825864580022353,0.0,2.12041287631525,0,0,0,0,nan,nan,-1,unknown,0,0,0
265,2003.799329620,1.604050864204443,0.27996521239673433,0.0,2.0149276849866045,1.604050864204443,0.27996521239673433,0.0,2.0149276849866045,0,0,0,0,nan,nan,-1,unknown,0,0,0
266,2003.999816080,1.606744988101346,0.28231151581898145,0.0,1.9074719538075064,1.606744988101346,0.28231151581898145,0.0,1.9074719538075064,0,0,0,0,nan,nan,-1,unknown,0,0,0
267,2004.199502180,1.5504282952872572,0.2615695984520103,0.0,1.7824311343409953,1.5504282952872572,0.2615695984520103,0.0,1.7824311343409953,0,0,0,0,nan,nan,-1,unknown,0,0,0
268,2004.399977600,1.6120881510444787,0.25918077253603866,0.0,1.7143185756688506,1.6120881510444787,0.25918077253603866,0.0,1.7143185756688506,0,0,0,0,nan,nan,-1,unknown,0,0,0
269,2004.599649640,1.7913309362846783,0.2547588141841808,0.0,1.7166410221334343,1.7913309362846783,0.2547588141841808,0.0,1.7166410221334343,0,0,0,0,nan,nan,-1,unknown,0,0,0
270,2004.799328040,1.8217780041530889,0.23459458214968892,0.0,1.672457689837554,1.8217780041530889,0.23459458214968892,0.0,1.672457689837554,0,0,0,0,nan,nan,-1,unknown,0,0,0
271,2004.999802840,1.8465853530562206,0.24064094141556117,0.0,1.6389787690275945,1.8465853530562206,0.24064094141556117,0.0,1.6389787690275945,0,0,0,0,nan,nan,-1,unknown,0,0,0
272,2005.199491200,1.8510341165269653,0.24352565009344251,0.0,1.6354775264856602,1.8510341165269653,0.24352565009344251,0.0,1.6354775264856602,0,0,0,0,nan,nan,-1,unknown,0,0,0
273,2005.399974300,1.8502872241129347,0.258171224587456,0.0,1.6337239878826562,1.8502872241129347,0.258171224587456,0.0,1.6337239878826562,0,0,0,0,nan,nan,-1,unknown,0,0,0
274,2005.599665440,1.8424571133657754,0.2858779821623558,0.0,1.6349657100435309,1.8424571133657754,0.2858779821623558,0.0,1.6349657100435309,0,0,0,0,nan,nan,-1,unknown,0,0,0
275,2005.799345760,1.845121853009056,0.3369915279961783,0.0,1.647404254395921,1.845121853009056,0.3369915279961783,0.0,1.647404254395921,0,0,0,0,nan,nan,-1,unknown,0,0,0
276,2005.999833900,1.8397905770112244,0.41027982989191186,0.0,1.6389741697414786,1.8397905770112244,0.41027982989191186,0.0,1.6389741697414786,0,0,0,0,nan,nan,-1,unknown,0,0,0
277,2006.199539660,1.8326064077687685,0.4977039936119123,0.0,1.6359003573811493,1.8326064077687685,0.4977039936119123,0.0,1.6359003573811493,0,0,0,0,nan,nan,-1,unknown,0,0,0
278,2006.399604560,1.817655787120991,0.5950972835042567,0.0,1.6409238332981726,1.817655787120991,0.5950972835042567,0.0,1.6409238332981726,0,0,0,0,nan,nan,-1,unknown,0,0,0
279,2006.599288120,1.805297664401131,0.7011370068092788,0.0,1.649411727931585,1.805297664401131,0.7011370068092788,0.0,1.649411727931585,0,0,0,0,nan,nan,-1,unknown,0,0,0
280,2006.799774740,1.7909645413113642,0.8119770005059712,0.0,1.6543395352554537,1.7909645413113642,0.8119770005059712,0.0,1.6543395352554537,0,0,0,0,nan,nan,-1,unknown,0,0,0
281,2006.999455020,1.7821691434375009,0.9225668460759411,0.0,1.6588209782324392,1.7821691434375009,0.9225668460759411,0.0,1.6588209782324392,0,0,0,0,nan,nan,-1,unknown,0,0,0
282,2007.199947120,1.7733064076815206,1.0343404078619312,0.0,1.6563723103339392,1.7733064076815206,1.0343404078619312,0.0,1.6563723103339392,0,0,0,0,nan,nan,-1,unknown,0,0,0
283,2007.399634320,1.7663977339298966,1.1539236975493385,0.0,1.6627329509651678,1.7663977339298966,1.1539236975493385,0.0,1.6627329509651678,0,0,0,0,nan,nan,-1,unknown,0,0,0
284,2007.599319380,1.7634853384801268,1.2745017722134002,0.0,1.6742617648616893,1.7634853384801268,1.2745017722134002,0.0,1.6742617648616893,0,0,0,0,nan,nan,-1,unknown,0,0,0
285,2007.799799780,1.7334772026062502,1.3920149917061861,0.0,1.6796034509871145,1.7334772026062502,1.3920149917061861,0.0,1.6796034509871145,0,0,0,0,nan,nan,-1,unknown,0,0,0
286,2007.999502560,1.7322309729591832,1.5347217803820885,0.0,1.6925438929932601,1.7322309729591832,1.5347217803820885,0.0,1.6925438929932601,0,0,0,0,nan,nan,-1,unknown,0,0,0
287,2008.199988980,1.7190616907989904,1.6737017080656718,0.0,1.6930298330116145,1.7190616907989904,1.6737017080656718,0.0,1.6930298330116145,0,0,0,0,nan,nan,-1,unknown,0,0,0
288,2008.399672600,1.7142993540256164,1.8111613415738754,0.0,1.6884473173800274,1.7142993540256164,1.8111613415738754,0.0,1.6884473173800274,0,0,0,0,nan,nan,-1,unknown,0,0,0
289,2008.599337020,1.7022176838314709,1.9407920745278244,0.0,1.6744034495198563,1.7022176838314709,1.9407920745278244,0.0,1.6744034495198563,0,0,0,0,nan,nan,-1,unknown,0,0,0
290,2008.799823340,1.6916042330621421,2.08134080973803,0.0,1.6575741247535578,1.6916042330621421,2.08134080973803,0.0,1.6575741247535578,0,0,0,0,nan,nan,-1,unknown,0,0,0
291,2008.999506540,1.6634543347354336,2.2123744270420103,0.0,1.6408471141800798,1.6634543347354336,2.2123744270420103,0.0,1.6408471141800798,0,0,0,0,nan,nan,-1,unknown,0,0,0
292,2009.199975260,1.6691458418313865,2.3390220819287926,0.0,1.6313406887491504,1.6691458418313865,2.3390220819287926,0.0,1.6313406887491504,0,0,0,0,nan,nan,-1,unknown,0,0,0
293,2009.399674100,1.6605266442472557,2.454029963288491,0.0,1.6418964840087602,1.6605266442472557,2.454029963288491,0.0,1.6418964840087602,0,0,0,0,nan,nan,-1,unknown,0,0,0
294,2009.599362140,1.6487019795002194,2.5794771709353306,0.0,1.6711499874793188,1.6487019795002194,2.5794771709353306,0.0,1.6711499874793188,0,0,0,0,nan,nan,-1,unknown,0,0,0
295,2009.799451980,1.663013507147967,2.708927268302562,0.0,1.7142796307098258,1.663013507147967,2.708927268302562,0.0,1.7142796307098258,0,0,0,0,nan,nan,-1,unknown,0,0,0
296,2009.999939460,1.6375246639002818,2.8378530879834476,0.0,1.733987333342981,1.6375246639002818,2.8378530879834476,0.0,1.733987333342981,0,0,0,0,nan,nan,-1,unknown,0,0,0
297,2010.199595300,1.6194572937007068,2.986472073075137,0.0,1.7357635351621892,1.6194572937007068,2.986472073075137,0.0,1.7357635351621892,0,0,0,0,nan,nan,-1,unknown,0,0,0
298,2010.399657280,1.6272962516556302,3.139903964882276,0.0,1.7168945718529809,1.6272962516556302,3.139903964882276,0.0,1.7168945718529809,0,0,0,0,nan,nan,-1,unknown,0,0,0
299,2010.599340520,1.6151593026925395,3.2950554981342597,0.0,1.6897620687237829,1.6151593026925395,3.2950554981342597,0.0,1.6897620687237829,0,0,0,0,nan,nan,-1,unknown,0,0,0
300,2010.799823460,1.6064973334460617,3.442276704081392,0.0,1.6652191285667715,1.6064973334460617,3.442276704081392,0.0,1.6652191285667715,0,0,0,0,nan,nan,-1,unknown,0,0,0
301,2010.999519220,1.5609390257792615,3.5800679407245752,0.0,1.6370103185763585,1.5609390257792615,3.5800679407245752,0.0,1.6370103185763585,0,0,0,0,nan,nan,-1,unknown,0,0,0
302,2011.199607640,1.5676652486501028,3.7131495246353214,0.0,1.611474639194639,1.5676652486501028,3.7131495246353214,0.0,1.611474639194639,0,0,0,0,nan,nan,-1,unknown,0,0,0
303,2011.399285780,1.5646846394024645,3.851686884457724,0.0,1.5782491261879592,1.5646846394024645,3.851686884457724,0.0,1.5782491261879592,0,0,0,0,nan,nan,-1,unknown,0,0,0
304,2011.599765960,1.5468520596027078,3.9871122264009324,0.0,1.5479482231964454,1.5468520596027078,3.9871122264009324,0.0,1.5479482231964454,0,0,0,0,nan,nan,-1,unknown,0,0,0
305,2011.799442520,1.527829541360525,4.100613123321578,0.0,1.5360976397775818,1.527829541360525,4.100613123321578,0.0,1.5360976397775818,0,0,0,0,nan,nan,-1,unknown,0,0,0
306,2011.999913160,1.525120760936184,4.213941791396085,0.0,1.5315619316813092,1.525120760936184,4.213941791396085,0.0,1.5315619316813092,0,0,0,0,nan,nan,-1,unknown,0,0,0
307,2012.199583020,1.5143458875451574,4.285297100343696,0.0,1.5316448650639076,1.5143458875451574,4.285297100343696,0.0,1.5316448650639076,0,0,0,0,nan,nan,-1,unknown,0,0,0
308,2012.399674180,1.5311421748886582,4.345837521024358,0.0,1.5510902707007046,1.5311421748886582,4.345837521024358,0.0,1.5510902707007046,0,0,0,0,nan,nan,-1,unknown,0,0,0
309,2012.599369780,1.5550206074628796,4.37787575136168,0.0,1.5732335137970137,1.5550206074628796,4.37787575136168,0.0,1.5732335137970137,0,0,0,0,nan,nan,-1,unknown,0,0,0
310,2012.799443800,1.5580755504857673,4.391937836403011,0.0,1.5843326986664226,1.5580755504857673,4.391937836403011,0.0,1.5843326986664226,0,0,0,0,nan,nan,-1,unknown,0,0,0
311,2012.999925880,1.5567335518381402,4.388356170781635,0.0,1.5890566446185577,1.5567335518381402,4.388356170781635,0.0,1.5890566446185577,0,0,0,0,nan,nan,-1,unknown,0,0,0
312,2013.199577180,1.5578701540624007,4.39151166738032,0.0,1.5773847090463204,1.5578701540624007,4.39151166738032,0.0,1.5773847090463204,0,0,0,0,nan,nan,-1,unknown,0,0,0
313,2013.399664460,1.5246299659829015,4.392552607199302,0.0,1.5274674726828608,1.5246299659829015,4.392552607199302,0.0,1.5274674726828608,0,0,0,0,nan,nan,-1,unknown,0,0,0
314,2013.599340840,1.559379476335233,4.37232603389634,0.0,1.4255237519821289,1.559379476335233,4.37232603389634,0.0,1.4255237519821289,0,0,0,0,nan,nan,-1,unknown,0,0,0
315,2013.799833740,1.5646525892281287,4.418615798729308,0.0,1.2602418237348285,1.5646525892281287,4.418615798729308,0.0,1.2602418237348285,0,0,0,0,nan,nan,-1,unknown,0,0,0
316,2013.999523700,1.5058821557634812,4.48527704326035,0.0,1.1124777498846703,1.5058821557634812,4.48527704326035,0.0,1.1124777498846703,0,0,0,0,nan,nan,-1,unknown,0,0,0
317,2014.199615860,1.4559879317190991,4.497578252145756,0.0,0.9636409507848378,1.4559879317190991,4.497578252145756,0.0,0.9636409507848378,0,0,0,0,nan,nan,-1,unknown,0,0,0
318,2014.399281940,1.4442772484829276,4.527612637577568,0.0,0.8375995469702082,1.4442772484829276,4.527612637577568,0.0,0.8375995469702082,0,0,0,0,nan,nan,-1,unknown,0,0,0
319,2014.599757360,1.415304368738356,4.578786236786828,0.0,0.7343521973794875,1.415304368738356,4.578786236786828,0.0,0.7343521973794875,0,0,0,0,nan,nan,-1,unknown,0,0,0
320,2014.799459940,1.4079002546127697,4.5672412331444905,0.0,0.636623645571941,1.4079002546127697,4.5672412331444905,0.0,0.636623645571941,0,0,0,0,nan,nan,-1,unknown,0,0,0
321,2014.999951180,1.3958080195339926,4.572813434220534,0.0,0.5318707759962507,1.3958080195339926,4.572813434220534,0.0,0.5318707759962507,0,0,0,0,nan,nan,-1,unknown,0,0,0
322,2015.199631220,1.384683073157444,4.591043093238909,0.0,0.4220906270966839,1.384683073157444,4.591043093238909,0.0,0.4220906270966839,0,0,0,0,nan,nan,-1,unknown,0,0,0
323,2015.399316500,1.388777633136302,4.6022446483728725,0.0,0.33640285489462934,1.388777633136302,4.6022446483728725,0.0,0.33640285489462934,0,0,0,0,nan,nan,-1,unknown,0,0,0
324,2015.599791480,1.3934366367087068,4.611705485191152,0.0,0.28749067771523845,1.3934366367087068,4.611705485191152,0.0,0.28749067771523845,0,0,0,0,nan,nan,-1,unknown,0,0,0
325,2015.799463360,1.4006394635434851,4.61657820790073,0.0,0.2398134800921785,1.4006394635434851,4.61657820790073,0.0,0.2398134800921785,0,0,0,0,nan,nan,-1,unknown,0,0,0
326,2015.999933220,1.3999338933512768,4.6124901819320865,0.0,0.18062576879894407,1.3999338933512768,4.6124901819320865,0.0,0.18062576879894407,0,0,0,0,nan,nan,-1,unknown,0,0,0
327,2016.199619540,1.3983655683721088,4.644921153879746,0.0,0.13220090631187206,1.3983655683721088,4.644921153879746,0.0,0.13220090631187206,0,0,0,0,nan,nan,-1,unknown,0,0,0
328,2016.399310460,1.4001650779482344,4.663899088312576,0.0,0.11847805695597044,1.4001650779482344,4.663899088312576,0.0,0.11847805695597044,0,0,0,0,nan,nan,-1,unknown,0,0,0
329,2016.599782300,1.41850605484726,4.662640078519809,0.0,0.12456829953659282,1.41850605484726,4.662640078519809,0.0,0.12456829953659282,0,0,0,0,nan,nan,-1,unknown,0,0,0
330,2016.799479180,1.4602249107178067,4.667587116690565,0.0,0.13843394477505921,1.4602249107178067,4.667587116690565,0.0,0.13843394477505921,0,0,0,0,nan,nan,-1,unknown,0,0,0
331,2016.999948980,1.5282683642797348,4.692053327340629,0.0,0.12301820059054142,1.5282683642797348,4.692053327340629,0.0,0.12301820059054142,0,0,0,0,nan,nan,-1,unknown,0,0,0
332,2017.199625220,1.6130342145434353,4.722823226741244,0.0,0.11784468033461896,1.6130342145434353,4.722823226741244,0.0,0.11784468033461896,0,0,0,0,nan,nan,-1,unknown,0,0,0
333,2017.399320400,1.7149030219611174,4.743587543214212,0.0,0.12431673327707198,1.7149030219611174,4.743587543214212,0.0,0.12431673327707198,0,0,0,0,nan,nan,-1,unknown,0,0,0
334,2017.599792420,1.8206613007586478,4.765288046218139,0.0,0.12880017115251144,1.8206613007586478,4.765288046218139,0.0,0.12880017115251144,0,0,0,0,nan,nan,-1,unknown,0,0,0
335,2017.799478720,1.9244192677173535,4.7813827405816856,0.0,0.13284065623887528,1.9244192677173535,4.7813827405816856,0.0,0.13284065623887528,0,0,0,0,nan,nan,-1,unknown,0,0,0
336,2017.999963280,2.0337276494515146,4.796349875512318,0.0,0.13508755494284103,2.0337276494515146,4.796349875512318,0.0,0.13508755494284103,0,0,0,0,nan,nan,-1,unknown,0,0,0
337,2018.199637140,2.1330999702744653,4.8181380676684835,0.0,0.13919032339138893,2.1330999702744653,4.8181380676684835,0.0,0.13919032339138893,0,0,0,0,nan,nan,-1,unknown,0,0,0
338,2018.399314460,2.2386299954263613,4.853059710399235,0.0,0.13862810780783244,2.2386299954263613,4.853059710399235,0.0,0.13862810780783244,0,0,0,0,nan,nan,-1,unknown,0,0,0
339,2018.599801040,2.3591314762029234,4.878529940591536,0.0,0.1340997435455601,2.3591314762029234,4.878529940591536,0.0,0.1340997435455601,0,0,0,0,nan,nan,-1,unknown,0,0,0
340,2018.799484760,2.490563083644944,4.9067192385822755,0.0,0.1305931355163999,2.490563083644944,4.9067192385822755,0.0,0.1305931355163999,0,0,0,0,nan,nan,-1,unknown,0,0,0
341,2018.999974960,2.6108335223846257,4.913090490513052,0.0,0.12984153351207406,2.6108335223846257,4.913090490513052,0.0,0.12984153351207406,0,0,0,0,nan,nan,-1,unknown,0,0,0
342,2019.199661020,2.731141096204967,4.946527547407199,0.0,0.12524223088081585,2.731141096204967,4.946527547407199,0.0,0.12524223088081585,0,0,0,0,nan,nan,-1,unknown,0,0,0
343,2019.399347040,2.848744235950829,4.9584785583203566,0.0,0.13654501668245858,2.848744235950829,4.9584785583203566,0.0,0.13654501668245858,0,0,0,0,nan,nan,-1,unknown,0,0,0
344,2019.599814200,2.97256988256837,4.967417799123252,0.0,0.15917549189291524,2.97256988256837,4.967417799123252,0.0,0.15917549189291524,0,0,0,0,nan,nan,-1,unknown,0,0,0
345,2019.799488220,3.071452711063618,4.995201073382965,0.0,0.17994584338412917,3.071452711063618,4.995201073382965,0.0,0.17994584338412917,0,0,0,0,nan,nan,-1,unknown,0,0,0
346,2019.999971720,3.170099435833203,4.9909314451808635,0.0,0.19980921269403723,3.170099435833203,4.9909314451808635,0.0,0.19980921269403723,0,0,0,0,nan,nan,-1,unknown,0,0,0
347,2020.199642040,3.2636319522743795,5.023907546649687,0.0,0.21303232506119357,3.2636319522743795,5.023907546649687,0.0,0.21303232506119357,0,0,0,0,nan,nan,-1,unknown,0,0,0
348,2020.399310540,3.3532115190736795,5.049604034369109,0.0,0.22079836580285686,3.3532115190736795,5.049604034369109,0.0,0.22079836580285686,0,0,0,0,nan,nan,-1,unknown,0,0,0
349,2020.599809120,3.437351672010465,5.092007160213521,0.0,0.22322092620357803,3.437351672010465,5.092007160213521,0.0,0.22322092620357803,0,0,0,0,nan,nan,-1,unknown,0,0,0
350,2020.799511520,3.5132017087312035,5.119178963332148,0.0,0.22271534373204174,3.5132017087312035,5.119178963332148,0.0,0.22271534373204174,0,0,0,0,nan,nan,-1,unknown,0,0,0
351,2020.999961640,3.586494464044236,5.144414439644137,0.0,0.22615499511306245,3.586494464044236,5.144414439644137,0.0,0.22615499511306245,0,0,0,0,nan,nan,-1,unknown,0,0,0
352,2021.199639800,3.652337807980067,5.1871624850092095,0.0,0.22580180060259944,3.652337807980067,5.1871624850092095,0.0,0.22580180060259944,0,0,0,0,nan,nan,-1,unknown,0,0,0
353,2021.399315880,3.726692858075249,5.221408937968501,0.0,0.22394890441766524,3.726692858075249,5.221408937968501,0.0,0.22394890441766524,0,0,0,0,nan,nan,-1,unknown,0,0,0
354,2021.599789140,3.8032295904730624,5.2648418335589415,0.0,0.23120911220346677,3.8032295904730624,5.2648418335589415,0.0,0.23120911220346677,0,0,0,0,nan,nan,-1,unknown,0,0,0
355,2021.799468260,3.8812479374843027,5.312094641196576,0.0,0.23366375041175422,3.8812479374843027,5.312094641196576,0.0,0.23366375041175422,0,0,0,0,nan,nan,-1,unknown,0,0,0
356,2021.999917540,3.9513374310788953,5.336133738194887,0.0,0.2289177250264377,3.9513374310788953,5.336133738194887,0.0,0.2289177250264377,0,0,0,0,nan,nan,-1,unknown,0,0,0
357,2022.199566620,4.019907611053345,5.358685342328489,0.0,0.2363758012817495,4.019907611053345,5.358685342328489,0.0,0.2363758012817495,0,0,0,0,nan,nan,-1,unknown,0,0,0
358,2022.399664200,4.100464703303443,5.389821208007978,0.0,0.23437045226783784,4.100464703303443,5.389821208007978,0.0,0.23437045226783784,0,0,0,0,nan,nan,-1,unknown,0,0,0
359,2022.599350220,4.126292999148739,5.413438635709028,0.0,0.23245801193649754,4.126292999148739,5.413438635709028,0.0,0.23245801193649754,0,0,0,0,nan,nan,-1,unknown,0,0,0
360,2022.799834500,4.147549573647273,5.4368078036777625,0.0,0.22001344918583232,4.147549573647273,5.4368078036777625,0.0,0.22001344918583232,0,0,0,0,nan,nan,-1,unknown,0,0,0
361,2022.999529060,4.151715750258239,5.4438369289142745,0.0,0.2084273869452308,4.151715750258239,5.4438369289142745,0.0,0.2084273869452308,0,0,0,0,nan,nan,-1,unknown,0,0,0
362,2023.199604820,4.135322209836142,5.469381815843533,0.0,0.16373916905957528,4.135322209836142,5.469381815843533,0.0,0.16373916905957528,0,0,0,0,nan,nan,-1,unknown,0,0,0
363,2023.399288920,4.099036117890135,5.46194395343868,0.0,0.09670062755921285,4.099036117890135,5.46194395343868,0.0,0.09670062755921285,0,0,0,0,nan,nan,-1,unknown,0,0,0
364,2023.599774700,4.105387523856513,5.434994072650336,0.0,-0.025967076875468342,4.105387523856513,5.434994072650336,0.0,-0.025967076875468342,0,0,0,0,nan,nan,-1,unknown,0,0,0
365,2023.799435280,4.033940532228712,5.561437660747537,0.0,-0.14471076745640246,4.033940532228712,5.561437660747537,0.0,-0.14471076745640246,0,0,0,0,nan,nan,-1,unknown,0,0,0
366,2023.999499680,3.9935138731915454,5.398977281286682,0.0,-0.1809282688198072,3.9935138731915454,5.398977281286682,0.0,-0.1809282688198072,0,0,0,0,nan,nan,-1,unknown,0,0,0
367,2024.199966680,3.978185450626301,5.402530393558063,0.0,-0.266359671597137,3.978185450626301,5.402530393558063,0.0,-0.266359671597137,0,0,0,0,nan,nan,-1,unknown,0,0,0
368,2024.399657120,3.956394401718111,5.391974767106322,0.0,-0.3500918737863478,3.956394401718111,5.391974767106322,0.0,-0.3500918737863478,0,0,0,0,nan,nan,-1,unknown,0,0,0
369,2024.599342960,3.9626990361981083,5.410007154804372,0.0,-0.46783478556886693,3.9626990361981083,5.410007154804372,0.0,-0.46783478556886693,0,0,0,0,nan,nan,-1,unknown,0,0,0
370,2024.799821920,3.9512280660461148,5.384185434607964,0.0,-0.5293325639389914,3.9512280660461148,5.384185434607964,0.0,-0.5293325639389914,0,0,0,0,nan,nan,-1,unknown,0,0,0
371,2024.999487080,3.9522571360401524,5.373000438639539,0.0,-0.5936637905712653,3.9522571360401524,5.373000438639539,0.0,-0.5936637905712653,0,0,0,0,nan,nan,-1,unknown,0,0,0
372,2025.199955760,3.9498976464685924,5.369141900008979,0.0,-0.6652753400986547,3.9498976464685924,5.369141900008979,0.0,-0.6652753400986547,0,0,0,0,nan,nan,-1,unknown,0,0,0
373,2025.399628540,3.9457780339867794,5.3671035371434845,0.0,-0.7425093939882338,3.9457780339867794,5.3671035371434845,0.0,-0.7425093939882338,0,0,0,0,nan,nan,-1,unknown,0,0,0
374,2025.599301440,3.954431546471306,5.369588262010322,0.0,-0.803172912689142,3.954431546471306,5.369588262010322,0.0,-0.803172912689142,0,0,0,0,nan,nan,-1,unknown,0,0,0
375,2025.799761020,3.9603754765541255,5.363447643089584,0.0,-0.8552896841924432,3.9603754765541255,5.363447643089584,0.0,-0.8552896841924432,0,0,0,0,nan,nan,-1,unknown,0,0,0
376,2025.999447120,3.953342332569129,5.3394014856144105,0.0,-0.8946989067400027,3.953342332569129,5.3394014856144105,0.0,-0.8946989067400027,0,0,0,0,nan,nan,-1,unknown,0,0,0
377,2026.199524480,3.9515680738455465,5.310160614862839,0.0,-0.9208068089869204,3.9515680738455465,5.310160614862839,0.0,-0.9208068089869204,0,0,0,0,nan,nan,-1,unknown,0,0,0
378,2026.399994000,3.9933315136916887,5.278983788381144,0.0,-0.9434451008836278,3.9933315136916887,5.278983788381144,0.0,-0.9434451008836278,0,0,0,0,nan,nan,-1,unknown,0,0,0
379,2026.599686680,4.026235843542532,5.227644366839033,0.0,-0.9623573106614365,4.026235843542532,5.227644366839033,0.0,-0.9623573106614365,0,0,0,0,nan,nan,-1,unknown,0,0,0
380,2026.799363440,4.069874478410378,5.17487349517838,0.0,-0.9855439619967479,4.069874478410378,5.17487349517838,0.0,-0.9855439619967479,0,0,0,0,nan,nan,-1,unknown,0,0,0
381,2026.999441960,4.101619024197514,5.114864205224723,0.0,-1.0114045028509733,4.101619024197514,5.114864205224723,0.0,-1.0114045028509733,0,0,0,0,nan,nan,-1,unknown,0,0,0
382,2027.199929060,4.134013844082813,5.056142521195873,0.0,-1.0413482190326149,4.134013844082813,5.056142521195873,0.0,-1.0413482190326149,0,0,0,0,nan,nan,-1,unknown,0,0,0
383,2027.399610280,4.162462957784675,4.994413761249789,0.0,-1.0625558243728517,4.162462957784675,4.994413761249789,0.0,-1.0625558243728517,0,0,0,0,nan,nan,-1,unknown,0,0,0
384,2027.599678360,4.199727482172443,4.925433611097752,0.0,-1.0729862487812003,4.199727482172443,4.925433611097752,0.0,-1.0729862487812003,0,0,0,0,nan,nan,-1,unknown,0,0,0
385,2027.799370980,4.235414894905325,4.86021221665538,0.0,-1.0672861944290568,4.235414894905325,4.86021221665538,0.0,-1.0672861944290568,0,0,0,0,nan,nan,-1,unknown,0,0,0
386,2027.999447560,4.269642868295202,4.781316025166138,0.0,-1.0551295176711275,4.269642868295202,4.781316025166138,0.0,-1.0551295176711275,0,0,0,0,nan,nan,-1,unknown,0,0,0
387,2028.199520920,4.297630547403984,4.70276331215174,0.0,-1.0425789190580683,4.297630547403984,4.70276331215174,0.0,-1.0425789190580683,0,0,0,0,nan,nan,-1,unknown,0,0,0
388,2028.399613280,4.337187385955163,4.624480801549584,0.0,-1.0388047458117973,4.337187385955163,4.624480801549584,0.0,-1.0388047458117973,0,0,0,0,nan,nan,-1,unknown,0,0,0
389,2028.599284360,4.364030943861574,4.549708217476968,0.0,-1.0409040353064811,4.364030943861574,4.549708217476968,0.0,-1.0409040353064811,0,0,0,0,nan,nan,-1,unknown,0,0,0
390,2028.799763960,4.391303675989514,4.475611851824823,0.0,-1.0524995042534389,4.391303675989514,4.475611851824823,0.0,-1.0524995042534389,0,0,0,0,nan,nan,-1,unknown,0,0,0
391,2028.999462880,4.420227270307962,4.403140724734733,0.0,-1.0719774148591734,4.420227270307962,4.403140724734733,0.0,-1.0719774148591734,0,0,0,0,nan,nan,-1,unknown,0,0,0
392,2029.199906220,4.449433346834149,4.32381677877543,0.0,-1.0985192239952233,4.449433346834149,4.32381677877543,0.0,-1.0985192239952233,0,0,0,0,nan,nan,-1,unknown,0,0,0
393,2029.399583640,4.486528545260548,4.23159740986048,0.0,-1.128223232038329,4.486528545260548,4.23159740986048,0.0,-1.128223232038329,0,0,0,0,nan,nan,-1,unknown,0,0,0
394,2029.599657540,4.529866954715369,4.134828318499007,0.0,-1.145082198832942,4.529866954715369,4.134828318499007,0.0,-1.145082198832942,0,0,0,0,nan,nan,-1,unknown,0,0,0
395,2029.799333020,4.56185014235422,4.046073004107944,0.0,-1.1440723608073256,4.56185014235422,4.046073004107944,0.0,-1.1440723608073256,0,0,0,0,nan,nan,-1,unknown,0,0,0
396,2029.999812440,4.593310558811707,3.9558610674546033,0.0,-1.1338939606059921,4.593310558811707,3.9558610674546033,0.0,-1.1338939606059921,0,0,0,0,nan,nan,-1,unknown,0,0,0
397,2030.199484160,4.626361714172638,3.873473312608502,0.0,-1.1112561505799787,4.626361714172638,3.873473312608502,0.0,-1.1112561505799787,0,0,0,0,nan,nan,-1,unknown,0,0,0
398,2030.399979660,4.652159627991515,3.7756961948576384,0.0,-1.0772356698180634,4.652159627991515,3.7756961948576384,0.0,-1.0772356698180634,0,0,0,0,nan,nan,-1,unknown,0,0,0
399,2030.599666040,4.6789400588140975,3.700607097531191,0.0,-1.041703128499488,4.6789400588140975,3.700607097531191,0.0,-1.041703128499488,0,0,0,0,nan,nan,-1,unknown,0,0,0
400,2030.799343040,4.702957469387989,3.6342300959540594,0.0,-1.014016370599984,4.702957469387989,3.6342300959540594,0.0,-1.014016370599984,0,0,0,0,nan,nan,-1,unknown,0,0,0
401,2030.999819340,4.74583957924796,3.5631979309270267,0.0,-1.0099961631666488,4.74583957924796,3.5631979309270267,0.0,-1.0099961631666488,0,0,0,0,nan,nan,-1,unknown,0,0,0
402,2031.199497320,4.7782496404608965,3.4738374972330965,0.0,-1.0217290806600756,4.7782496404608965,3.4738374972330965,0.0,-1.0217290806600756,0,0,0,0,nan,nan,-1,unknown,0,0,0
403,2031.399971180,4.837289552687123,3.3819660549227226,0.0,-1.0426965974113158,4.837289552687123,3.3819660549227226,0.0,-1.0426965974113158,0,0,0,0,nan,nan,-1,unknown,0,0,0
404,2031.599641120,4.88819613543682,3.293195621298705,0.0,-1.060310504650103,4.88819613543682,3.293195621298705,0.0,-1.060310504650103,0,0,0,0,nan,nan,-1,unknown,0,0,0
405,2031.799325960,4.9734270543588055,3.208323293134579,0.0,-1.0811325979565154,4.9734270543588055,3.208323293134579,0.0,-1.0811325979565154,0,0,0,0,nan,nan,-1,unknown,0,0,0
406,2031.999808500,5.042893411590473,3.1419035463001106,0.0,-1.088783208424937,5.042893411590473,3.1419035463001106,0.0,-1.088783208424937,0,0,0,0,nan,nan,-1,unknown,0,0,0
407,2032.199496200,5.088557066613064,3.0833692010758074,0.0,-1.0771434641280175,5.088557066613064,3.0833692010758074,0.0,-1.0771434641280175,0,0,0,0,nan,nan,-1,unknown,0,0,0
408,2032.399957460,5.152580570296373,3.020233150295188,0.0,-1.0637839687112092,5.152580570296373,3.020233150295188,0.0,-1.0637839687112092,0,0,0,0,nan,nan,-1,unknown,0,0,0
409,2032.599637320,5.198432650854525,2.9448866535363076,0.0,-1.043382295935729,5.198432650854525,2.9448866535363076,0.0,-1.043382295935729,0,0,0,0,nan,nan,-1,unknown,0,0,0
410,2032.799309740,5.254749431053402,2.8786746753765073,0.0,-1.0295602347022075,5.254749431053402,2.8786746753765073,0.0,-1.0295602347022075,0,0,0,0,nan,nan,-1,unknown,0,0,0
411,2032.999795660,5.30120819692269,2.813833819912279,0.0,-1.018743927959391,5.30120819692269,2.813833819912279,0.0,-1.018743927959391,0,0,0,0,nan,nan,-1,unknown,0,0,0
412,2033.199477420,5.3558809850472535,2.7449692462427695,0.0,-1.0084178161406303,5.3558809850472535,2.7449692462427695,0.0,-1.0084178161406303,0,0,0,0,nan,nan,-1,unknown,0,0,0
413,2033.399962880,5.405108776991585,2.670691288903076,0.0,-0.9983434156675163,5.405108776991585,2.670691288903076,0.0,-0.9983434156675163,0,0,0,0,nan,nan,-1,unknown,0,0,0
414,2033.599647460,5.456241562680746,2.6024409738734344,0.0,-0.9981885559470464,5.456241562680746,2.6024409738734344,0.0,-0.9981885559470464,0,0,0,0,nan,nan,-1,unknown,0,0,0
415,2033.799335100,5.504492466779917,2.5261925457849848,0.0,-1.004962772708727,5.504492466779917,2.5261925457849848,0.0,-1.004962772708727,0,0,0,0,nan,nan,-1,unknown,0,0,0
416,2033.999817380,5.554953761895993,2.448971878291894,0.0,-1.0083368018953578,5.554953761895993,2.448971878291894,0.0,-1.0083368018953578,0,0,0,0,nan,nan,-1,unknown,0,0,0
417,2034.199525400,5.616213770958011,2.3795454009378307,0.0,-1.0186570240561013,5.616213770958011,2.3795454009378307,0.0,-1.0186570240561013,0,0,0,0,nan,nan,-1,unknown,0,0,0
418,2034.499445120,5.704058669543319,2.2631790279998985,0.0,-1.0258483912575096,5.704058669543319,2.2631790279998985,0.0,-1.0258483912575096,0,0,0,0,nan,nan,-1,unknown,0,0,0
419,2034.699511280,5.74771763842653,2.20752970365079,0.0,-1.0285791065326928,5.74771763842653,2.20752970365079,0.0,-1.0285791065326928,0,0,0,0,nan,nan,-1,unknown,0,0,0
420,2034.899604340,5.790420537480568,2.1552609486373395,0.0,-1.0328324420967405,5.790420537480568,2.1552609486373395,0.0,-1.0328324420967405,0,0,0,0,nan,nan,-1,unknown,0,0,0
421,2035.099676820,5.821584298699349,2.106941059511435,0.0,-1.0360302820467941,5.821584298699349,2.106941059511435,0.0,-1.0360302820467941,0,0,0,0,nan,nan,-1,unknown,0,0,0
422,2035.299356620,5.838290906855447,2.066437664080444,0.0,-1.0389127933812914,5.838290906855447,2.066437664080444,0.0,-1.0389127933812914,0,0,0,0,nan,nan,-1,unknown,0,0,0
423,2035.499454300,5.85460619661652,2.0374099472488814,0.0,-1.049686039787123,5.85460619661652,2.0374099472488814,0.0,-1.049686039787123,0,0,0,0,nan,nan,-1,unknown,0,0,0
424,2035.799763660,5.868395165786517,2.0257020947088566,0.0,-1.0656643081311907,5.868395165786517,2.0257020947088566,0.0,-1.0656643081311907,0,0,0,0,nan,nan,-1,unknown,0,0,0
425,2035.999453100,5.874113842179615,2.009675656752596,0.0,-1.0716128694667464,5.874113842179615,2.009675656752596,0.0,-1.0716128694667464,0,0,0,0,nan,nan,-1,unknown,0,0,0
426,2036.199945600,5.886999286038119,1.9943091641086863,0.0,-1.091782734717821,5.886999286038119,1.9943091641086863,0.0,-1.091782734717821,0,0,0,0,nan,nan,-1,unknown,0,0,0
427,2036.399640160,5.900026679940761,1.9883326664769827,0.0,-1.124832537442039,5.900026679940761,1.9883326664769827,0.0,-1.124832537442039,0,0,0,0,nan,nan,-1,unknown,0,0,0
428,2036.599316240,5.882454972146407,1.9666990387465302,0.0,-1.1835378042530273,5.882454972146407,1.9666990387465302,0.0,-1.1835378042530273,0,0,0,0,nan,nan,-1,unknown,0,0,0
429,2036.799789840,5.851122948098992,1.9149450796474834,0.0,-1.2528711430423258,5.851122948098992,1.9149450796474834,0.0,-1.2528711430423258,0,0,0,0,nan,nan,-1,unknown,0,0,0
430,2036.999449600,5.810041003434055,1.8871218904909663,0.0,-1.321020278936524,5.810041003434055,1.8871218904909663,0.0,-1.321020278936524,0,0,0,0,nan,nan,-1,unknown,0,0,0
431,2037.199925260,5.720018075717535,1.8563009562001895,0.0,-1.3769409525268812,5.720018075717535,1.8563009562001895,0.0,-1.3769409525268812,0,0,0,0,nan,nan,-1,unknown,0,0,0
432,2037.399590520,5.803567249044511,1.8504895974011455,0.0,-1.5016317584613763,5.803567249044511,1.8504895974011455,0.0,-1.5016317584613763,0,0,0,0,nan,nan,-1,unknown,0,0,0
433,2037.599651100,5.882523172114831,1.834416974691604,0.0,-1.6499202080097224,5.882523172114831,1.834416974691604,0.0,-1.6499202080097224,0,0,0,0,nan,nan,-1,unknown,0,0,0
434,2037.799344040,5.832351314530128,1.8421932516442656,0.0,-1.7664876440044195,5.832351314530128,1.8421932516442656,0.0,-1.7664876440044195,0,0,0,0,nan,nan,-1,unknown,0,0,0
435,2038.099666600,5.715109782182385,1.8853333030032686,0.0,-1.9049798769148916,5.715109782182385,1.8853333030032686,0.0,-1.9049798769148916,0,0,0,0,nan,nan,-1,unknown,0,0,0
436,2038.299357260,5.712542567026235,1.8604312344520617,0.0,-2.0074892534828543,5.712542567026235,1.8604312344520617,0.0,-2.0074892534828543,0,0,0,0,nan,nan,-1,unknown,0,0,0
437,2038.499442040,5.703454933376551,1.871548821778113,0.0,-2.0806939457051263,5.703454933376551,1.871548821778113,0.0,-2.0806939457051263,0,0,0,0,nan,nan,-1,unknown,0,0,0
438,2038.799346360,5.724762020161993,1.8465798511674512,0.0,-2.1640623157698613,5.724762020161993,1.8465798511674512,0.0,-2.1640623157698613,0,0,0,0,nan,nan,-1,unknown,0,0,0
439,2038.999816340,5.692284538540696,1.8383020219694364,0.0,-2.201776739882006,5.692284538540696,1.8383020219694364,0.0,-2.201776739882006,0,0,0,0,nan,nan,-1,unknown,0,0,0
440,2039.199493820,5.678863017322889,1.7786235841635227,0.0,-2.229521181540448,5.678863017322889,1.7786235841635227,0.0,-2.229521181540448,0,0,0,0,nan,nan,-1,unknown,0,0,0
441,2039.399973680,5.65520845141692,1.7100024512764989,0.0,-2.286267969773591,5.65520845141692,1.7100024512764989,0.0,-2.286267969773591,0,0,0,0,nan,nan,-1,unknown,0,0,0
442,2039.599675720,5.6074680458779955,1.643670305323691,0.0,-2.339415717833156,5.6074680458779955,1.643670305323691,0.0,-2.339415717833156,0,0,0,0,nan,nan,-1,unknown,0,0,0
443,2039.799355860,5.568035598534032,1.5597076482893515,0.0,-2.3611864074753464,5.568035598534032,1.5597076482893515,0.0,-2.3611864074753464,0,0,0,0,nan,nan,-1,unknown,0,0,0
444,2039.999826620,5.503450118245426,1.4923520854690286,0.0,-2.356104158302108,5.503450118245426,1.4923520854690286,0.0,-2.356104158302108,0,0,0,0,nan,nan,-1,unknown,0,0,0
445,2040.199503460,5.444500095982382,1.4090024339213019,0.0,-2.350169940573224,5.444500095982382,1.4090024339213019,0.0,-2.350169940573224,0,0,0,0,nan,nan,-1,unknown,0,0,0
446,2040.399984440,5.3678565190799725,1.3337636520838676,0.0,-2.342921792985521,5.3678565190799725,1.3337636520838676,0.0,-2.342921792985521,0,0,0,0,nan,nan,-1,unknown,0,0,0
447,2040.599674160,5.311056610296477,1.2440903626692468,0.0,-2.330786913802849,5.311056610296477,1.2440903626692468,0.0,-2.330786913802849,0,0,0,0,nan,nan,-1,unknown,0,0,0
448,2040.799361520,5.233495349976308,1.1678767991363128,0.0,-2.3123693849443154,5.233495349976308,1.1678767991363128,0.0,-2.3123693849443154,0,0,0,0,nan,nan,-1,unknown,0,0,0
449,2040.999429080,5.156195912513771,1.0833610423184359,0.0,-2.2907795496486405,5.156195912513771,1.0833610423184359,0.0,-2.2907795496486405,0,0,0,0,nan,nan,-1,unknown,0,0,0
450,2041.199512440,5.080697606001687,1.0017634902832095,0.0,-2.2720025350436206,5.080697606001687,1.0017634902832095,0.0,-2.2720025350436206,0,0,0,0,nan,nan,-1,unknown,0,0,0
451,2041.399991540,4.995899697085352,0.9294717771727906,0.0,-2.262128938407828,4.995899697085352,0.9294717771727906,0.0,-2.262128938407828,0,0,0,0,nan,nan,-1,unknown,0,0,0
452,2041.599666840,4.933911250680283,0.8429858258599883,0.0,-2.259987389696225,4.933911250680283,0.8429858258599883,0.0,-2.259987389696225,0,0,0,0,nan,nan,-1,unknown,0,0,0
453,2041.799371000,4.872840772556085,0.7553188790236948,0.0,-2.2573058625136624,4.872840772556085,0.7553188790236948,0.0,-2.2573058625136624,0,0,0,0,nan,nan,-1,unknown,0,0,0
454,2041.999461300,4.805029820444778,0.6730061868355817,0.0,-2.2494217236387266,4.805029820444778,0.6730061868355817,0.0,-2.2494217236387266,0,0,0,0,nan,nan,-1,unknown,0,0,0
455,2042.199920080,4.7354816615844815,0.5947054042163741,0.0,-2.240066259409439,4.7354816615844815,0.5947054042163741,0.0,-2.240066259409439,0,0,0,0,nan,nan,-1,unknown,0,0,0
456,2042.399572380,4.668293533421835,0.5152330891167743,0.0,-2.230910571905842,4.668293533421835,0.5152330891167743,0.0,-2.230910571905842,0,0,0,0,nan,nan,-1,unknown,0,0,0
457,2042.599658320,4.597744836771923,0.44991102447735154,0.0,-2.226125617450606,4.597744836771923,0.44991102447735154,0.0,-2.226125617450606,0,0,0,0,nan,nan,-1,unknown,0,0,0
458,2042.799357920,4.545430388459611,0.3723180178005587,0.0,-2.2380532832015914,4.545430388459611,0.3723180178005587,0.0,-2.2380532832015914,0,0,0,0,nan,nan,-1,unknown,0,0,0
459,2042.999452520,4.481721503586648,0.3037607872895234,0.0,-2.2497319791794714,4.481721503586648,0.3037607872895234,0.0,-2.2497319791794714,0,0,0,0,nan,nan,-1,unknown,0,0,0
460,2043.199918720,4.436209658181576,0.22749710151973618,0.0,-2.2569291966679916,4.436209658181576,0.22749710151973618,0.0,-2.2569291966679916,0,0,0,0,nan,nan,-1,unknown,0,0,0
461,2043.399620360,4.386948893981987,0.14248093350102028,0.0,-2.270578380636186,4.386948893981987,0.14248093350102028,0.0,-2.270578380636186,0,0,0,0,nan,nan,-1,unknown,0,0,0
462,2043.599286880,4.320133276028584,0.08783000239561982,0.0,-2.2788208379329498,4.320133276028584,0.08783000239561982,0.0,-2.2788208379329498,0,0,0,0,nan,nan,-1,unknown,0,0,0
463,2043.799772100,4.257576047437738,0.03666503653725075,0.0,-2.295128754428366,4.257576047437738,0.03666503653725075,0.0,-2.295128754428366,0,0,0,0,nan,nan,-1,unknown,0,0,0
464,2043.999440080,4.222310485196643,-0.05969735795013736,0.0,-2.3382784482370305,4.222310485196643,-0.05969735795013736,0.0,-2.3382784482370305,0,0,0,0,nan,nan,-1,unknown,0,0,0
465,2044.199517320,4.130743453785065,-0.05049715592329917,0.0,-2.3342231829754687,4.130743453785065,-0.05049715592329917,0.0,-2.3342231829754687,0,0,0,0,nan,nan,-1,unknown,0,0,0
466,2044.399607980,4.06035635895416,-0.05293934015836532,0.0,-2.33057570661235,4.06035635895416,-0.05293934015836532,0.0,-2.33057570661235,0,0,0,0,nan,nan,-1,unknown,0,0,0
467,2044.599310040,4.002292850494525,-0.06940716042798398,0.0,-2.3330958520398046,4.002292850494525,-0.06940716042798398,0.0,-2.3330958520398046,0,0,0,0,nan,nan,-1,unknown,0,0,0
468,2044.799811360,3.9379548660296666,-0.09424648519737458,0.0,-2.336118009412306,3.9379548660296666,-0.09424648519737458,0.0,-2.336118009412306,0,0,0,0,nan,nan,-1,unknown,0,0,0
469,2044.999494740,3.904059279698424,-0.08511275091867761,0.0,-2.3355336533566864,3.904059279698424,-0.08511275091867761,0.0,-2.3355336533566864,0,0,0,0,nan,nan,-1,unknown,0,0,0
470,2045.199940820,3.8100486742371906,-0.09900612449494008,0.0,-2.344814493341415,3.8100486742371906,-0.09900612449494008,0.0,-2.344814493341415,0,0,0,0,nan,nan,-1,unknown,0,0,0
471,2045.399625060,3.7632943947069695,-0.1328228578380946,0.0,-2.342685632509285,3.7632943947069695,-0.1328228578380946,0.0,-2.342685632509285,0,0,0,0,nan,nan,-1,unknown,0,0,0
472,2045.599301120,3.5558937842438536,-0.12981214470616256,0.0,-2.342817856616387,3.5558937842438536,-0.12981214470616256,0.0,-2.342817856616387,0,0,0,0,nan,nan,-1,unknown,0,0,0
473,2045.799814900,3.3670096681157218,-0.13179148437393687,0.0,-2.346798168197184,3.3670096681157218,-0.13179148437393687,0.0,-2.346798168197184,0,0,0,0,nan,nan,-1,unknown,0,0,0
474,2045.999508080,3.2215793192196283,-0.15282027267780157,0.0,-2.345244239345257,3.2215793192196283,-0.15282027267780157,0.0,-2.345244239345257,0,0,0,0,nan,nan,-1,unknown,0,0,0
475,2046.199600440,3.04267078314765,-0.1589976421738242,0.0,-2.3417366312333114,3.04267078314765,-0.1589976421738242,0.0,-2.3417366312333114,0,0,0,0,nan,nan,-1,unknown,0,0,0
476,2046.499930980,2.181575518872707,0.5907199119277956,0.0,-2.336372085236357,2.181575518872707,0.5907199119277956,0.0,-2.336372085236357,0,0,0,0,nan,nan,-1,unknown,0,0,0
477,2046.799461300,2.0690345277737068,0.7783812851316133,0.0,-2.332301018586774,2.0690345277737068,0.7783812851316133,0.0,-2.332301018586774,0,0,0,0,nan,nan,-1,unknown,0,0,0
478,2047.199605760,2.0988483453029976,1.01017076801324,0.0,-2.334327430882833,2.0988483453029976,1.01017076801324,0.0,-2.334327430882833,0,0,0,0,nan,nan,-1,unknown,0,0,0
479,2047.599780220,2.0351849499247896,1.0303567483725418,0.0,-2.5313186441641253,2.0351849499247896,1.0303567483725418,0.0,-2.5313186441641253,0,0,0,0,nan,nan,-1,unknown,0,0,0
480,2047.899297520,2.023325757779951,1.1257960892547088,0.0,-2.619056091697392,2.023325757779951,1.1257960892547088,0.0,-2.619056091697392,0,0,0,0,nan,nan,-1,unknown,0,0,0
481,2048.099785400,2.012561293555206,1.2769527274963803,0.0,-2.6267937719086483,2.012561293555206,1.2769527274963803,0.0,-2.6267937719086483,0,0,0,0,nan,nan,-1,unknown,0,0,0
482,2048.399343100,2.0165449852711004,1.2900694844950285,0.0,-2.722903349291172,2.0165449852711004,1.2900694844950285,0.0,-2.722903349291172,0,0,0,0,nan,nan,-1,unknown,0,0,0
483,2048.599826220,2.0205846487012944,1.3063165234279104,0.0,-2.768277198396066,2.0205846487012944,1.3063165234279104,0.0,-2.768277198396066,0,0,0,0,nan,nan,-1,unknown,0,0,0
484,2048.799509000,2.0240027559478935,1.31318716316063,0.0,-2.786840023909219,2.0240027559478935,1.31318716316063,0.0,-2.786840023909219,0,0,0,0,nan,nan,-1,unknown,0,0,0
485,2049.099796980,2.0224725815103803,1.3148280571224384,0.0,-2.787843554959033,2.0224725815103803,1.3148280571224384,0.0,-2.787843554959033,0,0,0,0,nan,nan,-1,unknown,0,0,0
486,2049.299485420,2.021425335675103,1.320174020626306,0.0,-2.7846311806434296,2.021425335675103,1.320174020626306,0.0,-2.7846311806434296,0,0,0,0,nan,nan,-1,unknown,0,0,0
487,2049.599823460,2.0188270130787793,1.3279004809777952,0.0,-2.7755271479761983,2.0188270130787793,1.3279004809777952,0.0,-2.7755271479761983,0,0,0,0,nan,nan,-1,unknown,0,0,0
488,2049.899336680,2.016766112954703,1.3291550441330333,0.0,-2.7730318069440947,2.016766112954703,1.3291550441330333,0.0,-2.7730318069440947,0,0,0,0,nan,nan,-1,unknown,0,0,0
489,2050.199650380,2.0172847752413334,1.32772904002992,0.0,-2.7750341486829964,2.0172847752413334,1.32772904002992,0.0,-2.7750341486829964,0,0,0,0,nan,nan,-1,unknown,0,0,0
490,2050.399325580,2.0158928352895624,1.3268598727488652,0.0,-2.7752714808013703,2.0158928352895624,1.3268598727488652,0.0,-2.7752714808013703,0,0,0,0,nan,nan,-1,unknown,0,0,0
491,2050.699632720,2.0162677425926727,1.325690739089507,0.0,-2.7762674860534413,2.0162677425926727,1.325690739089507,0.0,-2.7762674860534413,0,0,0,0,nan,nan,-1,unknown,0,0,0
492,2050.999942640,2.0148609874585763,1.3279099030755304,0.0,-2.7753759269770835,2.0148609874585763,1.3279099030755304,0.0,-2.7753759269770835,0,0,0,0,nan,nan,-1,unknown,0,0,0
493,2051.299451280,2.0141714585160666,1.3304331812692092,0.0,-2.7742700077876443,2.0141714585160666,1.3304331812692092,0.0,-2.7742700077876443,0,0,0,0,nan,nan,-1,unknown,0,0,0
494,2051.499928460,2.0134241189251165,1.3330178369794123,0.0,-2.773214644538001,2.0134241189251165,1.3330178369794123,0.0,-2.773214644538001,0,0,0,0,nan,nan,-1,unknown,0,0,0
495,2051.699622600,2.012904897404741,1.3406269940742905,0.0,-2.771239530318663,2.012904897404741,1.3406269940742905,0.0,-2.771239530318663,0,0,0,0,nan,nan,-1,unknown,0,0,0
496,2051.999934640,2.0125498295743443,1.3415759011753063,0.0,-2.7705987552888622,2.0125498295743443,1.3415759011753063,0.0,-2.7705987552888622,0,0,0,0,nan,nan,-1,unknown,0,0,0
497,2052.199610760,2.01140741267048,1.3447499504932885,0.0,-2.769555334877155,2.01140741267048,1.3447499504932885,0.0,-2.769555334877155,0,0,0,0,nan,nan,-1,unknown,0,0,0
498,2052.499947900,2.011526395338456,1.3470301996077447,0.0,-2.768336816155306,2.011526395338456,1.3470301996077447,0.0,-2.768336816155306,0,0,0,0,nan,nan,-1,unknown,0,0,0
499,2052.699626140,2.0108290632404375,1.3486436073821038,0.0,-2.7677552487752406,2.0108290632404375,1.3486436073821038,0.0,-2.7677552487752406,0,0,0,0,nan,nan,-1,unknown,0,0,0
500,2052.999969820,2.009950050549656,1.3504009122722682,0.0,-2.767264526115052,2.009950050549656,1.3504009122722682,0.0,-2.767264526115052,0,0,0,0,nan,nan,-1,unknown,0,0,0
501,2053.299465820,2.0096477522551446,1.3527313687354166,0.0,-2.766561759168847,2.0096477522551446,1.3527313687354166,0.0,-2.766561759168847,0,0,0,0,nan,nan,-1,unknown,0,0,0
502,2053.499943780,2.0092761199969087,1.3523004584725118,0.0,-2.766618835338103,2.0092761199969087,1.3523004584725118,0.0,-2.766618835338103,0,0,0,0,nan,nan,-1,unknown,0,0,0
503,2053.799468560,2.0088702806549317,1.3530307380841413,0.0,-2.766463229245171,2.0088702806549317,1.3530307380841413,0.0,-2.766463229245171,0,0,0,0,nan,nan,-1,unknown,0,0,0
504,2053.999931440,2.0092616321305146,1.355669485676158,0.0,-2.766122566700115,2.0092616321305146,1.355669485676158,0.0,-2.766122566700115,0,0,0,0,nan,nan,-1,unknown,0,0,0
505,2054.199594780,2.0087689530645365,1.3525649523830277,0.0,-2.767453474576127,2.0087689530645365,1.3525649523830277,0.0,-2.767453474576127,0,0,0,0,nan,nan,-1,unknown,0,0,0
506,2054.499495420,2.009537451460593,1.3517837223349207,0.0,-2.76781462907954,2.009537451460593,1.3517837223349207,0.0,-2.76781462907954,0,0,0,0,nan,nan,-1,unknown,0,0,0
507,2054.699980320,2.009620398875829,1.356209032194321,0.0,-2.766527056869448,2.009620398875829,1.356209032194321,0.0,-2.766527056869448,0,0,0,0,nan,nan,-1,unknown,0,0,0
508,2054.899667560,2.009644674792219,1.3552033939379908,0.0,-2.7663521789552763,2.009644674792219,1.3552033939379908,0.0,-2.7663521789552763,0,0,0,0,nan,nan,-1,unknown,0,0,0
509,2055.199606080,2.0087038411705236,1.3559439409414298,0.0,-2.7661103387940513,2.0087038411705236,1.3559439409414298,0.0,-2.7661103387940513,0,0,0,0,nan,nan,-1,unknown,0,0,0
510,2055.499919240,2.00852556912519,1.357367935759854,0.0,-2.765650990522968,2.00852556912519,1.357367935759854,0.0,-2.765650990522968,0,0,0,0,nan,nan,-1,unknown,0,0,0
511,2055.799439440,2.008329317455414,1.3585882367318711,0.0,-2.765356290488408,2.008329317455414,1.3585882367318711,0.0,-2.765356290488408,0,0,0,0,nan,nan,-1,unknown,0,0,0
512,2056.099748740,2.007362939087411,1.3554285037367235,0.0,-2.7658444427945215,2.007362939087411,1.3554285037367235,0.0,-2.7658444427945215,0,0,0,0,nan,nan,-1,unknown,0,0,0
513,2056.399661640,2.0078172406437527,1.3534325405792074,0.0,-2.767080077751693,2.0078172406437527,1.3534325405792074,0.0,-2.767080077751693,0,0,0,0,nan,nan,-1,unknown,0,0,0
514,2056.699958940,2.008288798450494,1.3524197817001966,0.0,-2.767612954781931,2.008288798450494,1.3524197817001966,0.0,-2.767612954781931,0,0,0,0,nan,nan,-1,unknown,0,0,0
515,2056.999481820,2.007443502663637,1.350515851304284,0.0,-2.768287806382103,2.007443502663637,1.350515851304284,0.0,-2.768287806382103,0,0,0,0,nan,nan,-1,unknown,0,0,0
516,2057.199968380,2.0072549460371567,1.3451759068463152,0.0,-2.7703827425579437,2.0072549460371567,1.3451759068463152,0.0,-2.7703827425579437,0,0,0,0,nan,nan,-1,unknown,0,0,0
517,2057.399652680,2.0081974651584646,1.346170402032082,0.0,-2.7705155385840685,2.0081974651584646,1.346170402032082,0.0,-2.7705155385840685,0,0,0,0,nan,nan,-1,unknown,0,0,0
518,2057.599333540,2.00812342690633,1.3472337465502144,0.0,-2.770253252195338,2.00812342690633,1.3472337465502144,0.0,-2.770253252195338,0,0,0,0,nan,nan,-1,unknown,0,0,0
519,2057.899656040,2.0074350713385094,1.3443718184612736,0.0,-2.771391961665615,2.0074350713385094,1.3443718184612736,0.0,-2.771391961665615,0,0,0,0,nan,nan,-1,unknown,0,0,0
520,2058.199970020,2.007504090902629,1.3430693234921904,0.0,-2.7715629455565503,2.007504090902629,1.3430693234921904,0.0,-2.7715629455565503,0,0,0,0,nan,nan,-1,unknown,0,0,0
521,2058.399660920,2.0070615714001976,1.3413751852460958,0.0,-2.772419042545586,2.0070615714001976,1.3413751852460958,0.0,-2.772419042545586,0,0,0,0,nan,nan,-1,unknown,0,0,0
522,2058.599344000,2.007992899333987,1.3345487320372245,0.0,-2.77425874141658,2.007992899333987,1.3345487320372245,0.0,-2.77425874141658,0,0,0,0,nan,nan,-1,unknown,0,0,0
523,2058.799811180,2.0065991413627,1.3408702771214802,0.0,-2.7717415035174007,2.0065991413627,1.3408702771214802,0.0,-2.7717415035174007,0,0,0,0,nan,nan,-1,unknown,0,0,0
524,2059.099343280,2.0054959888563966,1.3443097700541906,0.0,-2.770451249450623,2.0054959888563966,1.3443097700541906,0.0,-2.770451249450623,0,0,0,0,nan,nan,-1,unknown,0,0,0
525,2059.399641780,2.004951391705685,1.3480799022251146,0.0,-2.7689991949346617,2.004951391705685,1.3480799022251146,0.0,-2.7689991949346617,0,0,0,0,nan,nan,-1,unknown,0,0,0
526,2059.699956580,2.0047108183476228,1.346559018923963,0.0,-2.7696366931108196,2.0047108183476228,1.346559018923963,0.0,-2.7696366931108196,0,0,0,0,nan,nan,-1,unknown,0,0,0
527,2059.999470780,2.0031991064634447,1.3499164871536418,0.0,-2.76838338273763,2.0031991064634447,1.3499164871536418,0.0,-2.76838338273763,0,0,0,0,nan,nan,-1,unknown,0,0,0
528,2060.199953160,2.0021017805846584,1.3525545305443503,0.0,-2.7675999225846124,2.0021017805846584,1.3525545305443503,0.0,-2.7675999225846124,0,0,0,0,nan,nan,-1,unknown,0,0,0
529,2060.399651560,2.001546179393816,1.3569895846989795,0.0,-2.7659251832939913,2.001546179393816,1.3569895846989795,0.0,-2.7659251832939913,0,0,0,0,nan,nan,-1,unknown,0,0,0
530,2060.699981580,2.001013834141394,1.354931677364822,0.0,-2.7670193382324184,2.001013834141394,1.354931677364822,0.0,-2.7670193382324184,0,0,0,0,nan,nan,-1,unknown,0,0,0
531,2060.999500900,2.000628244265434,1.3545111147812015,0.0,-2.767197484199343,2.000628244265434,1.3545111147812015,0.0,-2.767197484199343,0,0,0,0,nan,nan,-1,unknown,0,0,0
532,2061.299803480,2.001228069908092,1.3552748917730766,0.0,-2.7672327178657072,2.001228069908092,1.3552748917730766,0.0,-2.7672327178657072,0,0,0,0,nan,nan,-1,unknown,0,0,0
533,2061.499469780,2.0009040253985315,1.3530936799917048,0.0,-2.7680696178136506,2.0009040253985315,1.3530936799917048,0.0,-2.7680696178136506,0,0,0,0,nan,nan,-1,unknown,0,0,0
534,2061.799801200,1.9998827069727378,1.3583655420986869,0.0,-2.7667705090439085,1.9998827069727378,1.3583655420986869,0.0,-2.7667705090439085,0,0,0,0,nan,nan,-1,unknown,0,0,0
535,2062.099334180,2.0002940402389617,1.3524979515183528,0.0,-2.7685176454534255,2.0002940402389617,1.3524979515183528,0.0,-2.7685176454534255,0,0,0,0,nan,nan,-1,unknown,0,0,0
536,2062.299792120,1.998297936536802,1.3540872683671417,0.0,-2.767829649588671,1.998297936536802,1.3540872683671417,0.0,-2.767829649588671,0,0,0,0,nan,nan,-1,unknown,0,0,0
537,2062.699968540,1.9989533195118243,1.3549240637509223,0.0,-2.7676606933164356,1.9989533195118243,1.3549240637509223,0.0,-2.7676606933164356,0,0,0,0,nan,nan,-1,unknown,0,0,0
538,2062.899658320,1.9986708529183692,1.3563369656177493,0.0,-2.767163294059426,1.9986708529183692,1.3563369656177493,0.0,-2.767163294059426,0,0,0,0,nan,nan,-1,unknown,0,0,0
539,2063.199977120,1.9995407076276963,1.3541271892364188,0.0,-2.7676505614552687,1.9995407076276963,1.3541271892364188,0.0,-2.7676505614552687,0,0,0,0,nan,nan,-1,unknown,0,0,0
540,2063.399673580,1.9991279875630894,1.354076773858504,0.0,-2.7682215417171214,1.9991279875630894,1.354076773858504,0.0,-2.7682215417171214,0,0,0,0,nan,nan,-1,unknown,0,0,0
541,2063.599353520,1.9984698898752475,1.3516551330485505,0.0,-2.7690415289388293,1.9984698898752475,1.3516551330485505,0.0,-2.7690415289388293,0,0,0,0,nan,nan,-1,unknown,0,0,0
542,2063.899291440,1.9991010858961296,1.3480829662450877,0.0,-2.7697765308017077,1.9991010858961296,1.3480829662450877,0.0,-2.7697765308017077,0,0,0,0,nan,nan,-1,unknown,0,0,0
543,2064.099757160,1.99863194635524,1.3522637092389713,0.0,-2.7686217346214375,1.99863194635524,1.3522637092389713,0.0,-2.7686217346214375,0,0,0,0,nan,nan,-1,unknown,0,0,0
544,2064.399669820,1.998685681889431,1.3491035717245181,0.0,-2.7696864355126487,1.998685681889431,1.3491035717245181,0.0,-2.7696864355126487,0,0,0,0,nan,nan,-1,unknown,0,0,0
545,2064.599340200,1.9979986452632073,1.3510778938989678,0.0,-2.769181897772213,1.9979986452632073,1.3510778938989678,0.0,-2.769181897772213,0,0,0,0,nan,nan,-1,unknown,0,0,0
546,2064.799817960,1.9969281035767292,1.3552477255035325,0.0,-2.7676945342955994,1.9969281035767292,1.3552477255035325,0.0,-2.7676945342955994,0,0,0,0,nan,nan,-1,unknown,0,0,0
547,2064.999487780,1.997897972766951,1.3550259408589245,0.0,-2.768157301714723,1.997897972766951,1.3550259408589245,0.0,-2.768157301714723,0,0,0,0,nan,nan,-1,unknown,0,0,0
548,2065.199964120,1.9974584814488592,1.35821194593115,0.0,-2.767040848524631,1.9974584814488592,1.35821194593115,0.0,-2.767040848524631,0,0,0,0,nan,nan,-1,unknown,0,0,0
