stamp,x,y,z,method,accum,voxel_d,proc_ms
1739296821.174628,0.00625,-0.00813,-0.01680,p2p[d=0.06],1,0.065,0.00
1739296821.293997,0.00398,-0.00436,-0.02054,p2p[d=0.03],1,0.030,24.54
1739296821.409245,0.00085,-0.00430,-0.01319,p2p[d=0.03],1,0.030,27.19
1739296821.529319,-0.00178,0.00268,-0.01788,p2p[d=0.03],1,0.030,33.04
1739296821.660577,0.00327,0.00235,-0.01336,p2p[d=0.03],1,0.030,15.29
1739296821.775168,0.00280,-0.00391,-0.02109,p2p[d=0.03],1,0.030,37.78
1739296821.897855,-0.00831,-0.00512,-0.01785,p2p[d=0.03],1,0.030,16.48
1739296822.019490,-0.00380,-0.00603,-0.00379,p2p[d=0.03],1,0.030,23.66
1739296822.138755,-0.00234,-0.00854,-0.01471,p2p[d=0.03],1,0.030,14.47
1739296822.257786,-0.00108,-0.00990,-0.01548,p2p[d=0.03],1,0.030,23.12
1739296822.369322,0.00334,-0.01407,-0.01395,p2p[d=0.03],1,0.030,17.79
1739296822.494292,0.00287,-0.00627,-0.01964,p2p[d=0.03],1,0.030,24.31
1739296822.614476,0.00148,-0.00967,-0.02000,p2p[d=0.03],1,0.030,28.77
1739296822.747367,-0.00839,-0.00531,-0.00758,p2p[d=0.03],1,0.030,15.69
1739296822.866937,-0.00867,-0.00319,-0.00804,p2p[d=0.03],1,0.030,37.08
1739296822.995087,-0.00570,0.00245,-0.01183,p2p[d=0.03],1,0.030,16.23
1739296823.113652,-0.00794,-0.00529,-0.00942,p2p[d=0.03],1,0.030,31.45
1739296823.232925,-0.01142,-0.00861,-0.00863,p2p[d=0.03],1,0.030,22.81
1739296823.339455,-0.00481,-0.01034,-0.00563,p2p[d=0.03],1,0.030,28.34
1739296823.459465,-0.01245,-0.00388,-0.01556,p2p[d=0.03],1,0.030,27.32
1739296823.576340,-0.01000,-0.00294,-0.01103,p2p[d=0.03],1,0.030,15.32
1739296823.695751,-0.00976,-0.00294,-0.01587,p2p[d=0.03],1,0.030,15.28
1739296823.825412,-0.01478,-0.00028,-0.01334,p2p[d=0.03],1,0.030,21.16
1739296823.936471,-0.01574,0.00077,-0.01279,p2p[d=0.03],1,0.030,19.08
1739296824.046844,-0.01579,-0.00054,-0.01264,p2p[d=0.03],1,0.030,44.72
1739296824.165761,-0.01658,-0.00462,-0.01125,p2p[d=0.03],1,0.030,16.31
1739296824.280411,-0.00264,-0.01314,-0.01472,p2p[d=0.03],1,0.030,15.86
1739296824.388390,-0.00675,-0.00900,-0.01012,p2p[d=0.03],1,0.030,30.62
1739296824.513469,-0.00689,-0.01316,-0.01187,p2p[d=0.03],1,0.030,29.75
1739296824.636736,-0.00922,-0.01080,-0.01179,p2p[d=0.03],1,0.030,21.29
1739296824.760878,-0.01184,-0.00715,-0.01149,p2p[d=0.03],1,0.030,31.53
1739296824.885372,-0.01550,-0.00228,-0.01311,p2p[d=0.03],1,0.030,15.95
1739296825.003673,-0.01126,-0.00150,-0.01880,p2p[d=0.03],1,0.030,25.19
1739296825.117651,-0.00795,0.00134,-0.01112,p2p[d=0.03],1,0.030,16.56
1739296825.231214,-0.01043,0.00635,-0.00896,p2p[d=0.03],1,0.030,16.67
1739296825.353007,-0.01504,0.00077,-0.00308,p2p[d=0.03],1,0.030,25.50
1739296825.464333,-0.01445,-0.00219,-0.00536,p2p[d=0.03],1,0.030,39.51
1739296825.590161,-0.01399,-0.01060,-0.00650,p2p[d=0.03],1,0.030,15.97
1739296825.718297,-0.01265,-0.01763,-0.00741,p2p[d=0.03],1,0.030,24.81
1739296825.830442,-0.00933,-0.01691,-0.00487,p2p[d=0.03],1,0.030,19.59
1739296825.943111,-0.00500,-0.02548,-0.00003,p2p[d=0.03],1,0.030,14.74
1739296826.056114,-0.00676,-0.02838,-0.00157,p2p[d=0.03],1,0.030,17.43
1739296826.178311,-0.00685,-0.02632,-0.00491,p2p[d=0.03],1,0.030,17.77
1739296826.301053,-0.01147,-0.02340,-0.00709,p2p[d=0.03],1,0.030,18.91
1739296826.425834,-0.00887,-0.02063,-0.01262,p2p[d=0.03],1,0.030,27.12
1739296826.543180,-0.00025,-0.03406,-0.01175,p2p[d=0.03],1,0.030,31.29
1739296826.670105,-0.00059,-0.03761,-0.00586,p2p[d=0.03],1,0.030,16.72
1739296826.791509,0.00188,-0.04003,-0.00778,p2p[d=0.03],1,0.030,17.01
1739296826.906349,0.00139,-0.04471,-0.00251,p2p[d=0.03],1,0.030,19.77
1739296827.019865,0.00289,-0.03913,-0.00199,p2p[d=0.03],1,0.030,17.99
1739296827.135868,-0.00278,-0.04418,0.00135,p2p[d=0.03],1,0.030,17.46
1739296827.245319,0.00258,-0.04822,-0.00052,p2p[d=0.03],1,0.030,16.73
1739296827.359395,0.00252,-0.04819,0.00045,p2p[d=0.03],1,0.030,25.16
1739296827.487075,0.00093,-0.04943,0.00406,p2p[d=0.03],1,0.030,27.35
1739296827.610067,0.00513,-0.05221,0.00271,p2p[d=0.03],1,0.030,17.65
1739296827.732120,0.02312,-0.04440,0.00153,p2p[d=0.03],1,0.030,16.23
1739296827.840675,0.04024,-0.03389,-0.00016,p2p[d=0.03],1,0.030,18.59
1739296827.956304,0.05824,-0.02153,-0.00027,p2p[d=0.03],1,0.030,16.24
1739296828.076924,0.08331,-0.01619,-0.00486,p2p[d=0.03],1,0.030,19.03
1739296828.187023,0.10671,-0.00447,-0.00579,p2p[d=0.03],1,0.030,27.42
1739296828.320592,0.13165,0.01761,-0.01135,p2p[d=0.03],1,0.030,17.93
1739296828.449511,0.14831,0.03688,-0.00478,p2p[d=0.03],1,0.030,20.14
1739296828.569638,0.16070,0.05198,-0.00030,p2p[d=0.03],1,0.030,17.57
1739296828.695447,0.18881,0.05409,0.00116,p2p[d=0.03],1,0.030,18.19
1739296828.806775,0.21570,0.06540,0.00886,p2p[d=0.03],1,0.030,20.39
1739296828.934726,0.24014,0.08020,0.00314,p2p[d=0.03],1,0.030,18.47
1739296829.046225,0.26277,0.09320,0.00252,p2p[d=0.03],1,0.030,21.53
1739296829.166410,0.29094,0.10660,0.00204,p2p[d=0.03],1,0.030,17.52
1739296829.296007,0.32105,0.13168,-0.00446,p2p[d=0.03],1,0.030,19.18
1739296829.422648,0.34519,0.14417,-0.00327,p2p[d=0.03],1,0.030,64.55
1739296829.549277,0.36576,0.15333,-0.00414,p2p[d=0.03],1,0.030,23.29
1739296829.673601,0.38701,0.15717,-0.00319,p2p[d=0.03],1,0.030,33.51
1739296829.790935,0.40557,0.16979,0.00254,p2p[d=0.03],1,0.030,17.64
1739296829.911150,0.43350,0.19383,-0.00380,p2p[d=0.03],1,0.030,17.43
1739296830.021415,0.45447,0.20474,-0.00588,p2p[d=0.03],1,0.030,17.27
1739296830.135281,0.46332,0.21356,-0.00334,p2p[d=0.03],1,0.030,19.28
1739296830.249362,0.48773,0.22507,-0.00128,p2p[d=0.03],1,0.030,28.79
1739296830.382500,0.51644,0.23664,-0.00066,p2p[d=0.03],1,0.030,30.97
1739296830.501484,0.53759,0.24677,-0.00262,p2p[d=0.03],1,0.030,30.33
1739296830.613086,0.55996,0.26314,-0.00221,p2p[d=0.03],1,0.030,24.74
1739296830.729519,0.57969,0.27485,-0.00005,p2p[d=0.03],1,0.030,18.12
1739296830.848330,0.59454,0.28917,-0.00198,p2p[d=0.03],1,0.030,18.63
1739296830.972351,0.62345,0.30232,0.00065,p2p[d=0.03],1,0.030,18.05
1739296831.085716,0.64202,0.31258,0.00128,p2p[d=0.03],1,0.030,33.19
1739296831.216255,0.66390,0.32414,-0.00208,p2p[d=0.03],1,0.030,19.25
1739296831.340896,0.68448,0.34271,-0.00130,p2p[d=0.03],1,0.030,21.77
1739296831.460403,0.70772,0.35626,-0.00498,p2p[d=0.03],1,0.030,29.46
1739296831.572326,0.73110,0.36798,-0.00415,p2p[d=0.03],1,0.030,19.49
1739296831.696811,0.75339,0.37095,-0.00105,p2p[d=0.03],1,0.030,21.35
1739296831.809428,0.77875,0.38084,-0.00625,p2p[d=0.03],1,0.030,19.11
1739296831.925486,0.80384,0.38815,-0.00518,p2p[d=0.03],1,0.030,33.85
1739296832.040565,0.82675,0.40013,-0.00459,p2p[d=0.03],1,0.030,19.49
1739296832.168494,0.84749,0.41480,-0.00198,p2p[d=0.03],1,0.030,18.28
1739296832.290844,0.86750,0.43403,-0.00291,p2p[d=0.03],1,0.030,20.93
1739296832.406142,0.88780,0.44956,-0.00473,p2p[d=0.03],1,0.030,20.77
1739296832.517869,0.90600,0.46398,-0.00418,p2p[d=0.03],1,0.030,28.16
1739296832.630219,0.92802,0.48111,-0.00479,p2p[d=0.03],1,0.030,22.15
1739296832.749905,0.94041,0.49682,0.00272,p2p[d=0.03],1,0.030,18.94
1739296832.860943,0.96702,0.50577,0.00290,p2p[d=0.03],1,0.030,28.18
1739296832.978772,0.99264,0.51541,0.00252,p2p[d=0.03],1,0.030,20.97
1739296833.107724,1.01600,0.52943,0.00307,p2p[d=0.03],1,0.030,20.86
1739296833.238783,1.03053,0.53892,0.00514,p2p[d=0.03],1,0.030,32.76
1739296833.355923,1.04754,0.55007,0.00773,p2p[d=0.03],1,0.030,28.96
1739296833.475335,1.07443,0.56111,0.00270,p2p[d=0.03],1,0.030,31.99
1739296833.601982,1.09937,0.56657,-0.00096,p2p[d=0.03],1,0.030,19.97
1739296833.716247,1.12599,0.57815,0.00284,p2p[d=0.03],1,0.030,19.90
1739296833.831606,1.14524,0.59826,0.00614,p2p[d=0.03],1,0.030,28.04
1739296833.944218,1.16470,0.60763,0.00558,p2p[d=0.03],1,0.030,31.45
1739296834.069717,1.18675,0.62620,0.00724,p2p[d=0.03],1,0.030,23.15
1739296834.200266,1.21310,0.63335,0.01055,p2p[d=0.03],1,0.030,42.20
1739296834.335978,1.23912,0.64606,0.01099,p2p[d=0.03],1,0.030,26.06
1739296834.447055,1.25609,0.66353,0.00900,p2p[d=0.03],1,0.030,28.37
1739296834.561721,1.27680,0.67693,0.00438,p2p[d=0.03],1,0.030,31.26
1739296834.678025,1.29993,0.68120,0.00436,p2p[d=0.03],1,0.030,20.54
1739296834.786080,1.31746,0.69283,-0.00056,p2p[d=0.03],1,0.030,21.81
1739296834.900107,1.33887,0.70684,0.00178,p2p[d=0.03],1,0.030,19.41
1739296835.021176,1.36290,0.71808,0.00091,p2p[d=0.03],1,0.030,20.60
1739296835.137187,1.38253,0.73935,0.00051,p2p[d=0.03],1,0.030,20.15
1739296835.272905,1.40354,0.75949,0.00522,p2p[d=0.03],1,0.030,20.55
1739296835.381464,1.42198,0.76681,0.00894,p2p[d=0.03],1,0.030,25.35
1739296835.501755,1.44853,0.77504,0.01289,p2p[d=0.03],1,0.030,34.59
1739296835.609790,1.46700,0.78434,0.01051,p2p[d=0.03],1,0.030,25.87
1739296835.725261,1.48749,0.79859,0.01039,p2p[d=0.03],1,0.030,21.69
1739296835.841988,1.49925,0.81375,0.01273,p2p[d=0.03],1,0.030,21.49
1739296835.974859,1.53142,0.82132,0.01546,p2p[d=0.03],1,0.030,21.30
1739296836.110548,1.56553,0.83319,0.01159,p2p[d=0.03],1,0.030,20.08
1739296836.223120,1.59451,0.84738,0.01041,p2p[d=0.03],1,0.030,20.86
1739296836.339059,1.61635,0.86114,0.00347,p2p[d=0.03],1,0.030,34.04
1739296836.447793,1.63595,0.87681,0.00392,p2p[d=0.03],1,0.030,21.87
1739296836.570061,1.65318,0.88926,0.00481,p2p[d=0.03],1,0.030,21.85
1739296836.691119,1.67054,0.89803,0.00657,p2p[d=0.03],1,0.030,21.66
1739296836.807298,1.68570,0.90508,0.00589,p2p[d=0.03],1,0.030,22.94
1739296836.937066,1.70665,0.91229,0.01013,p2p[d=0.03],1,0.030,19.98
1739296837.063547,1.72984,0.92759,0.00987,p2p[d=0.03],1,0.030,30.43
1739296837.171719,1.74576,0.93804,0.01116,p2p[d=0.03],1,0.030,30.17
1739296837.286629,1.77293,0.95069,0.01170,p2p[d=0.03],1,0.030,23.04
1739296837.400607,1.79509,0.96764,0.01070,p2p[d=0.03],1,0.030,24.11
1739296837.511998,1.81837,0.97514,0.00659,p2p[d=0.03],1,0.030,34.79
1739296837.636906,1.84476,0.98991,0.00573,p2p[d=0.03],1,0.030,28.00
1739296837.750899,1.86303,1.00694,0.00919,p2p[d=0.03],1,0.030,28.44
1739296837.881379,1.88443,1.02258,0.00959,p2p[d=0.03],1,0.030,35.68
1739296838.001390,1.91049,1.03704,0.00984,p2p[d=0.03],1,0.030,49.61
1739296838.117669,1.93152,1.04757,0.01342,p2p[d=0.03],1,0.030,40.71
1739296838.223343,1.94412,1.05500,0.01653,p2p[d=0.03],1,0.030,26.73
1739296838.342532,1.96544,1.06880,0.01821,p2p[d=0.03],1,0.030,31.97
1739296838.470570,1.98902,1.08724,0.01634,p2p[d=0.03],1,0.030,42.19
1739296838.595512,2.01063,1.09448,0.01947,p2p[d=0.03],1,0.030,24.26
1739296838.721570,2.03135,1.11118,0.01262,p2p[d=0.03],1,0.030,20.59
1739296838.848329,2.05586,1.11768,0.01201,p2p[d=0.03],1,0.030,28.62
1739296838.981455,2.08188,1.12974,0.01575,p2p[d=0.03],1,0.030,31.77
1739296839.092503,2.10395,1.13857,0.01749,p2p[d=0.03],1,0.030,20.32
1739296839.207031,2.12803,1.15404,0.02220,p2p[d=0.03],1,0.030,20.02
1739296839.323671,2.14273,1.17215,0.01953,p2p[d=0.03],1,0.030,24.55
1739296839.432163,2.16214,1.17931,0.01723,p2p[d=0.03],1,0.030,33.60
1739296839.558300,2.19032,1.19755,0.01680,p2p[d=0.03],1,0.030,21.22
1739296839.679612,2.21423,1.21184,0.01872,p2p[d=0.03],1,0.030,19.83
1739296839.812329,2.23341,1.22579,0.01340,p2p[d=0.03],1,0.030,22.46
1739296839.929399,2.25314,1.23769,0.01522,p2p[d=0.03],1,0.030,24.66
1739296840.045494,2.26759,1.24610,0.01299,p2p[d=0.03],1,0.030,20.82
1739296840.162606,2.29298,1.25661,0.01808,p2p[d=0.03],1,0.030,21.59
1739296840.279861,2.31335,1.26313,0.01927,p2p[d=0.03],1,0.030,21.27
1739296840.396544,2.33836,1.27535,0.02570,p2p[d=0.03],1,0.030,35.50
1739296840.535597,2.37464,1.28409,0.02254,p2p[d=0.03],1,0.030,53.69
1739296840.655745,2.39821,1.29327,0.02061,p2p[d=0.03],1,0.030,21.76
1739296840.785419,2.42321,1.31461,0.01841,p2p[d=0.03],1,0.030,27.49
1739296840.907938,2.43869,1.32544,0.01662,p2p[d=0.03],1,0.030,33.47
1739296841.015684,2.45380,1.33803,0.01732,p2p[d=0.03],1,0.030,30.85
1739296841.129614,2.47562,1.35074,0.01575,p2p[d=0.03],1,0.030,21.80
1739296841.253898,2.49041,1.36636,0.01802,p2p[d=0.03],1,0.030,23.40
1739296841.362810,2.51241,1.38179,0.02142,p2p[d=0.03],1,0.030,23.16
1739296841.482323,2.53555,1.39953,0.01920,p2p[d=0.03],1,0.030,23.73
1739296841.597266,2.56267,1.40883,0.01975,p2p[d=0.03],1,0.030,21.37
1739296841.724578,2.59190,1.41789,0.01897,p2p[d=0.03],1,0.030,20.30
1739296841.838117,2.61621,1.42749,0.01913,p2p[d=0.03],1,0.030,21.39
1739296841.961361,2.63955,1.43826,0.01669,p2p[d=0.03],1,0.030,20.87
1739296842.085312,2.66546,1.45265,0.01735,p2p[d=0.03],1,0.030,26.25
1739296842.201862,2.67926,1.46403,0.01934,p2p[d=0.03],1,0.030,21.47
1739296842.324461,2.69552,1.47919,0.01912,p2p[d=0.03],1,0.030,32.00
1739296842.441690,2.72304,1.50144,0.01759,p2p[d=0.03],1,0.030,23.38
1739296842.568845,2.73586,1.50698,0.02441,p2p[d=0.03],1,0.030,22.71
1739296842.696795,2.76382,1.51941,0.02359,p2p[d=0.03],1,0.030,22.09
1739296842.815934,2.77752,1.52796,0.02428,p2p[d=0.03],1,0.030,21.83
1739296842.934418,2.80632,1.53358,0.02677,p2p[d=0.03],1,0.030,21.25
1739296843.047496,2.82741,1.55573,0.02194,p2p[d=0.03],1,0.030,22.06
1739296843.155615,2.84637,1.56903,0.01976,p2p[d=0.03],1,0.030,47.12
1739296843.269190,2.87073,1.57501,0.02302,p2p[d=0.03],1,0.030,29.72
1739296843.388537,2.90235,1.58874,0.02029,p2p[d=0.03],1,0.030,40.02
1739296843.519054,2.91955,1.60093,0.02124,p2p[d=0.03],1,0.030,32.25
1739296843.638727,2.93766,1.61169,0.02301,p2p[d=0.03],1,0.030,22.77
1739296843.764364,2.96497,1.63233,0.01932,p2p[d=0.03],1,0.030,23.07
1739296843.880987,2.99074,1.63669,0.01867,p2p[d=0.03],1,0.030,22.63
1739296844.000132,3.01427,1.64811,0.02102,p2p[d=0.03],1,0.030,22.84
1739296844.116628,3.03834,1.66022,0.02095,p2p[d=0.03],1,0.030,22.86
1739296844.230812,3.05635,1.66747,0.01814,p2p[d=0.03],1,0.030,34.19
1739296844.344379,3.08229,1.68389,0.01958,p2p[d=0.03],1,0.030,33.66
1739296844.486209,3.09955,1.70516,0.02133,p2p[d=0.03],1,0.030,33.33
1739296844.625190,3.12284,1.71751,0.02548,p2p[d=0.03],1,0.030,25.67
1739296844.744597,3.14411,1.72581,0.02345,p2p[d=0.03],1,0.030,22.26
1739296844.864670,3.16413,1.73789,0.02275,p2p[d=0.03],1,0.030,21.66
1739296844.992095,3.18952,1.75709,0.02313,p2p[d=0.03],1,0.030,22.67
1739296845.111014,3.21309,1.76554,0.02636,p2p[d=0.03],1,0.030,24.54
1739296845.229055,3.23471,1.77402,0.03046,p2p[d=0.03],1,0.030,22.50
1739296845.355136,3.25807,1.78762,0.02991,p2p[d=0.03],1,0.030,24.85
1739296845.497358,3.28209,1.79725,0.02875,p2p[d=0.03],1,0.030,34.55
1739296845.617563,3.31348,1.82058,0.02588,p2p[d=0.03],1,0.030,25.90
1739296845.731046,3.33270,1.83654,0.02553,p2p[d=0.03],1,0.030,20.88
1739296845.850487,3.35452,1.84089,0.02146,p2p[d=0.03],1,0.030,35.20
1739296845.964230,3.37075,1.85418,0.02023,p2p[d=0.03],1,0.030,29.20
1739296846.078236,3.38571,1.86649,0.02071,p2p[d=0.03],1,0.030,25.65
1739296846.210330,3.38357,1.87540,0.02402,p2p[d=0.03],1,0.030,22.60
1739296846.336681,3.38281,1.88636,0.03538,p2p[d=0.03],1,0.030,28.97
1739296846.467142,3.37368,1.89166,0.03287,p2p[d=0.03],1,0.030,41.65
1739296846.578758,3.37146,1.91070,0.03355,p2p[d=0.03],1,0.030,26.18
1739296846.689310,3.36777,1.92615,0.02971,p2p[d=0.03],1,0.030,21.96
1739296846.814498,3.36539,1.95092,0.02819,p2p[d=0.03],1,0.030,22.29
1739296846.927165,3.34992,1.97197,0.02486,p2p[d=0.03],1,0.030,24.52
1739296847.037045,3.31570,2.00308,0.02647,p2p[d=0.03],1,0.030,26.56
1739296847.156217,3.27230,2.03460,0.02609,p2p[d=0.03],1,0.030,23.07
1739296847.270127,3.22939,2.08118,0.02679,p2p[d=0.03],1,0.030,22.39
1739296847.404001,3.19555,2.12129,0.03077,p2p[d=0.03],1,0.030,48.00
1739296847.520320,3.19497,2.13415,0.02840,p2p[d=0.03],1,0.030,43.95
1739296847.631916,3.20612,2.13186,0.02697,p2p[d=0.03],1,0.030,23.24
1739296847.748713,3.21361,2.12993,0.02625,p2p[d=0.03],1,0.030,20.49
1739296847.868167,3.23289,2.13903,0.02885,p2p[d=0.03],1,0.030,21.82
1739296847.984397,3.25369,2.14901,0.03059,p2p[d=0.03],1,0.030,23.67
1739296848.104535,3.27344,2.15557,0.03557,p2p[d=0.03],1,0.030,22.85
1739296848.231208,3.27762,2.17041,0.03677,p2p[d=0.03],1,0.030,23.40
1739296848.358997,3.28116,2.18199,0.04180,p2p[d=0.03],1,0.030,27.23
1739296848.476941,3.29642,2.19278,0.04369,p2p[d=0.03],1,0.030,29.00
1739296848.592518,3.31187,2.19560,0.04616,p2p[d=0.03],1,0.030,29.87
1739296848.705124,3.31727,2.21340,0.04202,p2p[d=0.03],1,0.030,26.77
1739296848.821362,3.31809,2.22676,0.03816,p2p[d=0.03],1,0.030,28.85
1739296848.933926,3.32037,2.23519,0.03603,p2p[d=0.03],1,0.030,29.02
1739296849.057521,3.32062,2.23964,0.03244,p2p[d=0.03],1,0.030,29.37
1739296849.187337,3.32179,2.24085,0.02926,p2p[d=0.03],1,0.030,22.78
1739296849.315426,3.32533,2.25603,0.03246,p2p[d=0.03],1,0.030,31.70
1739296849.434044,3.33098,2.25930,0.03578,p2p[d=0.03],1,0.030,40.03
1739296849.550937,3.33876,2.26071,0.03592,p2p[d=0.03],1,0.030,42.58
1739296849.662098,3.34517,2.26880,0.04131,p2p[d=0.03],1,0.030,22.98
1739296849.782445,3.35544,2.28050,0.04041,p2p[d=0.03],1,0.030,26.71
1739296849.900968,3.36077,2.29416,0.03871,p2p[d=0.03],1,0.030,21.33
1739296850.031854,3.35860,2.30941,0.03614,p2p[d=0.03],1,0.030,22.70
1739296850.161729,3.35644,2.31729,0.03385,p2p[d=0.03],1,0.030,22.92
1739296850.281572,3.35696,2.32874,0.03722,p2p[d=0.03],1,0.030,26.42
1739296850.400849,3.35988,2.34100,0.03901,p2p[d=0.03],1,0.030,42.23
1739296850.512359,3.36032,2.34328,0.03178,p2p[d=0.03],1,0.030,27.50
1739296850.627341,3.36171,2.34691,0.02812,p2p[d=0.03],1,0.030,33.30
1739296850.745832,3.36319,2.34940,0.02509,p2p[d=0.03],1,0.030,45.21
1739296850.860300,3.36491,2.34671,0.02563,p2p[d=0.03],1,0.030,29.62
1739296850.982215,3.36582,2.35046,0.02726,p2p[d=0.03],1,0.030,44.70
1739296851.106894,3.36243,2.34635,0.03043,p2p[d=0.03],1,0.030,26.44
1739296851.234808,3.36210,2.35298,0.02869,p2p[d=0.03],1,0.030,24.38
1739296851.344408,3.36563,2.35392,0.03181,p2p[d=0.03],1,0.030,42.23
1739296851.457375,3.36895,2.35871,0.03020,p2p[d=0.03],1,0.030,39.64
1739296851.579386,3.36828,2.36633,0.03168,p2p[d=0.03],1,0.030,57.25
1739296851.696083,3.36428,2.36701,0.03180,p2p[d=0.03],1,0.030,27.42
1739296851.818272,3.35747,2.37467,0.02916,p2p[d=0.03],1,0.030,22.33
1739296851.940438,3.34403,2.37323,0.03220,p2p[d=0.03],1,0.030,25.60
1739296852.065944,3.33379,2.37829,0.03104,p2p[d=0.03],1,0.030,33.98
1739296852.185357,3.32666,2.38386,0.03163,p2p[d=0.03],1,0.030,22.45
1739296852.296278,3.31811,2.38273,0.03209,p2p[d=0.03],1,0.030,29.98
1739296852.413475,3.30359,2.38569,0.03201,p2p[d=0.03],1,0.030,28.89
1739296852.538227,3.28913,2.38018,0.03252,p2p[d=0.03],1,0.030,40.20
1739296852.653463,3.27150,2.36667,0.03314,p2p[d=0.03],1,0.030,29.67
1739296852.763511,3.25589,2.35198,0.03499,p2p[d=0.03],1,0.030,23.75
1739296852.888730,3.23314,2.33918,0.03816,p2p[d=0.03],1,0.030,29.38
1739296853.019139,3.20549,2.32921,0.03792,p2p[d=0.03],1,0.030,23.52
1739296853.130409,3.18116,2.32311,0.03745,p2p[d=0.03],1,0.030,23.62
1739296853.250612,3.15766,2.30601,0.03462,p2p[d=0.03],1,0.030,24.13
1739296853.374217,3.12213,2.29105,0.03199,p2p[d=0.03],1,0.030,34.06
1739296970.174844,3.12213,2.29105,0.03199,skip_degen(hold),1,0.030,27.90
1739296970.290216,2.87010,2.12174,0.51309,p2p[d=0.03],1,0.030,472.31
1739296970.407291,2.74421,2.31399,0.21116,p2p[d=0.03],1,0.030,17.51
1739296970.524883,2.77279,2.37014,0.09373,p2p[d=0.03],1,0.030,26.15
1739296970.634671,2.84085,2.31656,0.11813,p2p[d=0.03],1,0.030,26.97
1739296970.753881,2.90470,2.27871,0.19658,p2p[d=0.03],1,0.030,25.76
1739296970.883192,2.93590,2.28363,0.30957,p2p[d=0.03],1,0.030,24.76
1739296971.018127,2.95456,2.33285,0.32369,p2p[d=0.03],1,0.030,25.28
1739296971.134093,2.93586,2.39214,0.24055,p2p[d=0.03],1,0.030,25.08
1739296971.256938,2.93188,2.45069,0.09934,p2p[d=0.03],1,0.030,23.38
1739296971.379953,2.91079,2.51536,-0.04732,p2p[d=0.03],1,0.030,27.14
1739296971.491930,2.91177,2.57260,-0.16663,p2p[d=0.03],1,0.030,25.46
1739296971.610656,2.89629,2.61197,-0.22162,p2p[d=0.03],1,0.030,24.92
1739296971.727373,2.87674,2.63340,-0.30503,p2p[d=0.03],1,0.030,25.66
1739296971.852506,2.88706,2.65262,-0.38160,p2p[d=0.03],1,0.030,24.48
1739296971.974986,2.87984,2.68463,-0.45501,p2p[d=0.03],1,0.030,26.37
1739296972.091406,2.84822,2.69724,-0.45329,p2p[d=0.03],1,0.030,31.26
1739296972.202632,2.85136,2.69825,-0.47541,p2p[d=0.03],1,0.030,25.84
1739296972.311722,2.84446,2.69626,-0.49987,p2p[d=0.03],1,0.030,38.51
1739296972.430924,2.85523,2.70719,-0.50441,p2p[d=0.03],1,0.030,40.47
1739296972.545178,2.83639,2.69911,-0.48737,p2p[d=0.03],1,0.030,43.28
1739296972.670646,2.85382,2.69631,-0.47598,p2p[d=0.03],1,0.030,26.74
1739296972.804020,2.85266,2.68853,-0.44085,p2p[d=0.03],1,0.030,25.36
1739296972.940414,2.84923,2.67285,-0.41575,p2p[d=0.03],1,0.030,31.69
1739296973.056163,2.84616,2.66705,-0.39397,p2p[d=0.03],1,0.030,34.94
1739296973.180580,2.83519,2.66346,-0.39403,p2p[d=0.03],1,0.030,31.50
1739296973.298946,2.85927,2.64555,-0.39602,p2p[d=0.03],1,0.030,47.26
1739296973.416967,2.86056,2.64859,-0.38120,p2p[d=0.03],1,0.030,34.78
1739296973.533089,2.86063,2.63914,-0.36804,p2p[d=0.03],1,0.030,39.59
1739296973.657220,2.86511,2.62655,-0.37102,p2p[d=0.03],1,0.030,30.13
1739296973.782740,2.85996,2.65223,-0.39562,p2p[d=0.03],1,0.030,35.37
1739296973.897597,2.86208,2.65462,-0.39744,p2p[d=0.03],1,0.030,28.24
1739296974.019257,2.87432,2.65630,-0.40284,p2p[d=0.03],1,0.030,33.57
1739296974.141843,2.87202,2.66035,-0.40474,p2p[d=0.03],1,0.030,29.82
1739296974.257858,2.88931,2.65191,-0.41731,p2p[d=0.03],1,0.030,34.90
1739296974.379818,2.89078,2.65528,-0.41302,p2p[d=0.03],1,0.030,49.74
1739296974.507837,2.89722,2.65624,-0.41830,p2p[d=0.03],1,0.030,30.94
1739296974.633244,2.88654,2.65335,-0.41612,p2p[d=0.03],1,0.030,31.52
1739296974.750249,2.88174,2.65924,-0.43322,p2p[d=0.03],1,0.030,29.34
1739296974.864261,2.86863,2.66011,-0.42827,p2p[d=0.03],1,0.030,30.71
1739296974.982827,2.86779,2.65146,-0.42070,p2p[d=0.03],1,0.030,28.35
1739296975.100488,2.86207,2.64759,-0.41177,p2p[d=0.03],1,0.030,28.96
1739296975.215112,2.86384,2.64395,-0.40890,p2p[d=0.03],1,0.030,28.35
1739296975.325912,2.86637,2.64971,-0.39737,p2p[d=0.03],1,0.030,28.23
1739296975.455395,2.87527,2.65138,-0.40441,p2p[d=0.03],1,0.030,30.78
1739296975.573699,2.87821,2.64045,-0.40213,p2p[d=0.03],1,0.030,31.02
1739296975.703470,2.88431,2.64282,-0.40219,p2p[d=0.03],1,0.030,34.66
1739296975.823768,2.88341,2.64341,-0.40599,p2p[d=0.03],1,0.030,31.94
1739296975.935885,2.88270,2.64500,-0.39483,p2p[d=0.03],1,0.030,33.51
1739296976.050272,2.88016,2.64257,-0.39460,p2p[d=0.03],1,0.030,34.51
1739296976.176265,2.88341,2.64588,-0.39411,p2p[d=0.03],1,0.030,30.99
1739296976.289429,2.88396,2.65546,-0.39883,p2p[d=0.03],1,0.030,33.63
1739296976.418808,2.88334,2.65198,-0.40280,p2p[d=0.03],1,0.030,44.10
1739296976.544134,2.88297,2.65589,-0.40652,p2p[d=0.03],1,0.030,46.96
1739296976.680859,2.88120,2.65457,-0.40313,p2p[d=0.03],1,0.030,32.02
1739296976.796482,2.88521,2.65516,-0.40012,p2p[d=0.03],1,0.030,42.23
1739296976.904436,2.88625,2.65510,-0.39461,p2p[d=0.03],1,0.030,51.49
1739296977.032302,2.88743,2.64656,-0.39079,p2p[d=0.03],1,0.030,32.20
1739296977.150936,2.88444,2.64809,-0.39665,p2p[d=0.03],1,0.030,29.92
1739296977.262452,2.88453,2.64354,-0.39650,p2p[d=0.03],1,0.030,34.21
1739296977.394006,2.88236,2.64584,-0.39704,p2p[d=0.03],1,0.030,39.26
1739296977.521507,2.88357,2.64916,-0.40357,p2p[d=0.03],1,0.030,50.13
1739296977.635558,2.88249,2.64571,-0.41150,p2p[d=0.03],1,0.030,41.78
1739296977.749493,2.87696,2.64991,-0.41227,p2p[d=0.03],1,0.030,31.91
1739296977.873731,2.88690,2.64438,-0.41863,p2p[d=0.03],1,0.030,30.71
1739296977.988144,2.88024,2.64279,-0.41829,p2p[d=0.03],1,0.030,38.13
1739296978.101886,2.88392,2.64582,-0.41400,p2p[d=0.03],1,0.030,36.69
1739296978.221266,2.87781,2.64770,-0.41347,p2p[d=0.03],1,0.030,34.06
1739296978.346795,2.88423,2.65196,-0.41278,p2p[d=0.03],1,0.030,55.54
1739296978.486901,2.88403,2.64346,-0.39697,p2p[d=0.03],1,0.030,46.87
1739296978.610554,2.87816,2.64519,-0.40509,p2p[d=0.03],1,0.030,37.06
1739296978.719302,2.87223,2.64720,-0.41839,p2p[d=0.03],1,0.030,33.71
1739296978.832744,2.87828,2.64407,-0.42462,p2p[d=0.03],1,0.030,33.06
1739296978.951785,2.88682,2.64193,-0.42717,p2p[d=0.03],1,0.030,46.58
1739296979.063646,2.88541,2.64563,-0.41350,p2p[d=0.03],1,0.030,49.18
1739296979.196105,2.88753,2.63766,-0.40106,p2p[d=0.03],1,0.030,38.46
1739296979.310543,2.89098,2.63915,-0.39344,p2p[d=0.03],1,0.030,45.39
1739296979.435914,2.88574,2.63462,-0.38029,p2p[d=0.03],1,0.030,41.26
1739296979.557867,2.88068,2.63643,-0.38614,p2p[d=0.03],1,0.030,39.69
1739296979.671682,2.88050,2.63814,-0.40042,p2p[d=0.03],1,0.030,44.24
1739296979.785453,2.87836,2.64071,-0.41320,p2p[d=0.03],1,0.030,31.51
1739296979.902045,2.88094,2.64367,-0.42125,p2p[d=0.03],1,0.030,30.56
1739296980.020616,2.87767,2.64990,-0.41778,p2p[d=0.03],1,0.030,32.35
1739296980.140929,2.88007,2.64513,-0.41490,p2p[d=0.03],1,0.030,46.71
1739296980.272234,2.88048,2.64190,-0.41354,p2p[d=0.03],1,0.030,45.25
1739296980.399973,2.87856,2.63705,-0.40069,p2p[d=0.03],1,0.030,63.04
1739296980.516872,2.87485,2.64254,-0.40719,p2p[d=0.03],1,0.030,47.37
1739296980.630464,2.87531,2.64525,-0.41919,p2p[d=0.03],1,0.030,45.64
1739296980.753629,2.87698,2.64535,-0.41882,p2p[d=0.03],1,0.030,36.75
1739296980.871978,2.88140,2.65114,-0.42179,p2p[d=0.03],1,0.030,38.17
1739296980.994243,2.88079,2.64380,-0.41414,p2p[d=0.03],1,0.030,33.52
1739296981.114208,2.88463,2.64148,-0.40895,p2p[d=0.03],1,0.030,30.98
1739296981.250570,2.88253,2.63888,-0.41163,p2p[d=0.03],1,0.030,31.84
1739296981.375139,2.89142,2.63774,-0.41062,p2p[d=0.03],1,0.030,47.69
1739296981.498430,2.89494,2.64632,-0.41667,p2p[d=0.03],1,0.030,39.77
1739296981.614601,2.89303,2.65032,-0.41696,p2p[d=0.03],1,0.030,33.48
1739296981.722158,2.88858,2.64272,-0.41567,p2p[d=0.03],1,0.030,32.47
1739296981.835751,2.87821,2.64454,-0.41756,p2p[d=0.03],1,0.030,32.38
